MatchId;Journee;Stade;Spectateurs;Date;home_team;away_team;home_goal;away_goal;home_possession;away_possession;home_duels_gagnes;away_duel_gagnes;home_duel_aeriens_gagnes;away_duel_aeriens_gagnes;home_interceptions;away_interceptions;home_hors_jeux;away_hors_eux;home_corners_won;away_corners_won;home_passes;away_passes;home_centres;away_centres;home_tirs;away_tirs;home_tirs_cadres;away_tirs_cadres;home_carton_jaune;away_carton_jaune;home_carton_rouge;away_carton_rouge;home_formation;away_formation 
70850;Journée 10;STADE RAYMOND-KOPA;7970;DIM. 9 OCTOBRE 2022- 15:00;ANGERS SCO;RC STRASBOURG ALSACE;2;3;54,5;45,5;50,4;49,6;45,5;54,5;10;7;1;3;6;6;524;425;14;26;14;15;8;7;1;1;0;0;2-2-2-2-2;5-3-2
70851;Journée 10;STADE FRANCIS-LE BLÉ;9819;DIM. 9 OCTOBRE 2022- 15:00;STADE BRESTOIS 29;FC LORIENT;1;2;50,3;49,7;48,2;51,8;31,6;68,4;10;15;0;1;7;8;437;445;34;20;11;14;4;5;3;1;0;0;2-2-2-2-2;3-2-2-2-1
70852;Journée 10;STADE GABRIEL-MONTPIED;11119;DIM. 9 OCTOBRE 2022- 15:00;CLERMONT FOOT 63;AJ AUXERRE;2;1;47,9;52,1;60,2;39,8;58,8;41,2;7;12;5;0;4;4;395;431;19;17;10;14;6;5;0;0;0;0;3-2-2-2-1;4-1-2-2-1
70853;Journée 10;DECATHLON ARENA – STADE PIERRE-MAUROY;48527;DIM. 9 OCTOBRE 2022- 20:45;LOSC LILLE;RC LENS;1;0;45,3;54,7;43,1;56,9;41,7;58,3;13;9;0;2;5;9;366;432;13;20;12;10;6;3;3;5;0;0;2-2-2-3-1;2-2-2-3-1
70854;Journée 10;GROUPAMA STADIUM;41495;VEN. 7 OCTOBRE 2022- 21:00;OLYMPIQUE LYONNAIS;TOULOUSE FC;1;1;58;42;57;43;64;36;7;10;2;1;4;5;556;399;13;14;19;5;8;2;2;2;0;0;2-2-2-3-1;2-2-1-2-2-1
70855;Journée 10;ORANGE VÉLODROME;63312;SAM. 8 OCTOBRE 2022- 17:00;OLYMPIQUE DE MARSEILLE;AC AJACCIO;1;2;65,2;34,8;50;50;48,6;51,4;16;16;2;1;11;2;547;296;26;11;10;6;2;1;0;2;0;0;3-2-2-2-1;2-2-2-2-2
70856;Journée 10;STADE DE LA MOSSON ET DU MONDIAL 98;13048;DIM. 9 OCTOBRE 2022- 13:00;MONTPELLIER HÉRAULT SC;AS MONACO;0;2;50,7;49,3;53,8;46,2;43,5;56,5;14;11;1;0;7;2;411;413;24;16;11;11;1;7;2;3;0;0;2-2-2-3-1;2-2-2-2-2
70857;Journée 10;ALLIANZ RIVIERA;18053;DIM. 9 OCTOBRE 2022- 15:00;OGC NICE;ESTAC TROYES;3;2;60,9;39,1;56,2;43,8;47,6;52,4;7;11;0;0;6;5;615;375;15;24;14;17;6;6;1;1;0;0;3-2-2-2-1;2-2-2-3-1
70858;Journée 10;STADE AUGUSTE-DELAUNE;20543;SAM. 8 OCTOBRE 2022- 21:00;STADE DE REIMS;PARIS SAINT-GERMAIN;0;0;36,5;63,5;44,6;55,4;46,2;53,8;15;8;3;0;7;3;339;613;16;6;24;11;4;3;3;5;0;1;3-5-2;2-2-2-3-1
70859;Journée 10;ROAZHON PARK;27844;DIM. 9 OCTOBRE 2022- 17:05;STADE RENNAIS FC;FC NANTES;3;0;57,8;42,2;48;52;47,4;52,6;5;5;2;3;4;3;474;338;12;17;14;8;4;3;1;0;1;0;2-2-2-2-2;3-2-2-2-1
70860;Journée 11;STADE DE L'ABBÉ-DESCHAMPS;14125;DIM. 16 OCTOBRE 2022- 15:00;AJ AUXERRE;OGC NICE;1;1;45,1;54,9;41,5;58,5;39,3;60,7;9;17;2;2;2;6;434;538;19;22;11;9;3;2;0;0;0;0;2-2-2-3-1;5-3-2
70861;Journée 11;STADE BOLLAERT-DELELIS;37320;SAM. 15 OCTOBRE 2022- 21:00;RC LENS;MONTPELLIER HÉRAULT SC;1;0;66;34;47,1;52,9;65,4;34,6;8;13;1;2;4;5;641;324;23;15;17;8;5;1;2;2;0;0;3-2-2-2-1;3-2-2-2-1
70862;Journée 11;STADE YVES-ALLAINMAT;15776;SAM. 15 OCTOBRE 2022- 17:00;FC LORIENT;STADE DE REIMS;0;0;48,2;51,8;59,4;40,6;50;50;12;14;1;2;2;2;393;419;20;18;10;7;3;2;1;2;0;1;2-2-2-3-1;5-3-2
70863;Journée 11;STADE LOUIS-II;4241;DIM. 16 OCTOBRE 2022- 17:05;AS MONACO;CLERMONT FOOT 63;1;1;34,5;65,5;55,7;44,3;54,2;45,8;8;10;1;2;3;4;316;600;8;16;6;21;4;7;3;4;1;0;2-2-2-2-2;1-2-2-3-2
70864;Journée 11;STADE DE LA BEAUJOIRE-LOUIS FONTENEAU;25759;DIM. 16 OCTOBRE 2022- 15:00;FC NANTES;STADE BRESTOIS 29;4;1;54,2;45,8;51,5;48,5;50;50;11;10;3;0;7;5;427;364;19;19;17;11;6;2;0;2;0;0;2-2-2-3-1;3-2-2-2-1
70865;Journée 11;PARC DES PRINCES;47926;DIM. 16 OCTOBRE 2022- 20:45;PARIS SAINT-GERMAIN;OLYMPIQUE DE MARSEILLE;1;0;49,7;50,3;55;45;71,4;28,6;5;8;1;0;7;6;517;520;6;14;23;18;8;7;1;1;0;1;2-2-3-1-2;2-2-2-3-1
70866;Journée 11;ROAZHON PARK;28152;DIM. 16 OCTOBRE 2022- 15:00;STADE RENNAIS FC;OLYMPIQUE LYONNAIS;3;2;40,2;59,8;46,5;53,5;33,3;66,7;14;19;1;3;3;2;392;585;10;14;14;7;5;5;2;2;0;0;2-2-2-2-2;1-2-2-3-2
70867;Journée 11;STADE DE LA MEINAU;25313;VEN. 14 OCTOBRE 2022- 21:00;RC STRASBOURG ALSACE;LOSC LILLE;0;3;42,7;57,3;59,6;40,4;54,2;45,8;19;12;1;3;3;0;416;582;22;4;12;10;1;7;3;1;0;0;3-5-2;3-2-2-2-1
70868;Journée 11;STADIUM;21141;DIM. 16 OCTOBRE 2022- 13:00;TOULOUSE FC;ANGERS SCO;3;2;55,2;44,8;51,5;48,5;57,9;42,1;7;10;2;0;2;9;464;367;16;16;14;13;7;6;3;2;0;0;2-2-1-2-2-1;3-2-3-2
70869;Journée 11;STADE DE L'AUBE;7731;DIM. 16 OCTOBRE 2022- 15:00;ESTAC TROYES;AC AJACCIO;1;1;50,2;49,8;44,9;55,1;56,5;43,5;7;14;6;3;3;5;400;394;16;22;9;15;2;7;2;1;0;0;3-2-2-2-1;2-2-2-2-2
70870;Journée 12;STADE FRANÇOIS-COTY;9469;VEN. 21 OCTOBRE 2022- 21:00;AC AJACCIO;PARIS SAINT-GERMAIN;0;3;35;65;57,1;42,9;50;50;5;2;0;7;3;8;344;670;22;11;8;11;1;6;0;1;0;0;2-2-2-2-2;1-3-2-2-2
70871;Journée 12;STADE RAYMOND-KOPA;11240;DIM. 23 OCTOBRE 2022- 13:00;ANGERS SCO;STADE RENNAIS FC;1;2;30,1;69,9;52,4;47,6;47,8;52,2;14;6;0;2;5;6;276;670;16;16;7;14;2;5;3;1;0;0;3-2-3-2;2-2-2-2-2
70872;Journée 12;STADE GABRIEL-MONTPIED;10275;DIM. 23 OCTOBRE 2022- 15:00;CLERMONT FOOT 63;STADE BRESTOIS 29;1;3;62,4;37,6;51,2;48,8;57,1;42,9;11;21;1;0;7;4;583;352;29;14;14;19;4;11;4;1;0;0;3-2-2-2-1;2-2-1-2-2-1
70873;Journée 12;DECATHLON ARENA – STADE PIERRE-MAUROY;35362;DIM. 23 OCTOBRE 2022- 20:45;LOSC LILLE;AS MONACO;4;3;59,5;40,5;50;50;36;64;4;9;3;5;6;6;498;332;8;14;20;9;7;6;1;2;0;0;2-2-2-3-1;2-2-2-2-2
70874;Journée 12;ORANGE VÉLODROME;59066;SAM. 22 OCTOBRE 2022- 21:00;OLYMPIQUE DE MARSEILLE;RC LENS;0;1;56,3;43,7;48,9;51,1;50;50;13;13;2;2;7;3;497;391;20;11;13;12;3;4;3;3;0;0;3-2-2-2-1;5-3-2
70875;Journée 12;STADE DE LA MOSSON ET DU MONDIAL 98;15339;SAM. 22 OCTOBRE 2022- 17:00;MONTPELLIER HÉRAULT SC;OLYMPIQUE LYONNAIS;1;2;37,4;62,6;49,5;50,5;37,9;62,1;7;8;2;3;4;7;321;532;10;23;10;21;4;10;2;2;1;1;2-2-2-3-1;1-2-2-3-2
70876;Journée 12;ALLIANZ RIVIERA;20166;DIM. 23 OCTOBRE 2022- 17:05;OGC NICE;FC NANTES;1;1;66,1;33,9;45,1;54,9;47,8;52,2;4;14;2;1;7;3;604;300;23;18;11;11;5;4;3;2;0;2;3-2-2-2-1;3-2-2-2-1
70877;Journée 12;STADE AUGUSTE-DELAUNE;11411;DIM. 23 OCTOBRE 2022- 15:00;STADE DE REIMS;AJ AUXERRE;2;1;54,3;45,7;46,6;53,4;43,5;56,5;14;25;4;5;8;2;409;352;28;16;19;10;10;2;4;0;0;0;2-2-2-3-1;3-2-2-2-1
70878;Journée 12;STADIUM;21623;DIM. 23 OCTOBRE 2022- 15:00;TOULOUSE FC;RC STRASBOURG ALSACE;2;2;48,1;51,9;56;44;72,4;27,6;6;7;4;0;6;6;418;450;16;20;17;11;6;5;0;1;1;0;2-2-2-3-1;5-3-2
70879;Journée 12;STADE DE L'AUBE;7975;DIM. 23 OCTOBRE 2022- 15:00;ESTAC TROYES;FC LORIENT;2;2;42,6;57,4;48,8;51,2;44,4;55,6;11;12;2;2;3;6;390;538;20;17;13;20;4;5;2;0;0;0;3-2-2-2-1;3-2-2-2-1
70880;Journée 13;STADE DE L'ABBÉ-DESCHAMPS;15092;DIM. 30 OCTOBRE 2022- 13:00;AJ AUXERRE;AC AJACCIO;1;0;41,4;58,6;52,4;47,6;46,2;53,8;13;10;0;3;5;5;344;482;11;22;18;5;5;1;1;1;1;1;2-2-2-2-2;2-2-2-2-2
70881;Journée 13;STADE FRANCIS-LE BLÉ;11008;DIM. 30 OCTOBRE 2022- 15:00;STADE BRESTOIS 29;STADE DE REIMS;0;0;51;49;51,3;48,7;58,6;41,4;13;10;5;2;5;5;415;392;16;18;12;11;4;3;1;1;0;0;2-2-2-3-1;3-2-2-2-1
70882;Journée 13;STADE BOLLAERT-DELELIS;37488;VEN. 28 OCTOBRE 2022- 21:00;RC LENS;TOULOUSE FC;3;0;53;47;53,5;46,5;63,2;36,8;8;10;0;0;6;8;430;378;16;20;13;9;8;0;2;1;0;0;3-2-2-2-1;2-2-1-2-2-1
70883;Journée 13;STADE YVES-ALLAINMAT;16034;DIM. 30 OCTOBRE 2022- 17:05;FC LORIENT;OGC NICE;1;2;43,5;56,5;43,7;56,3;66,7;33,3;5;15;2;1;8;3;477;620;13;15;14;16;8;5;0;1;0;0;2-2-1-4-1;2-2-2-2-2
70884;Journée 13;GROUPAMA STADIUM;55790;DIM. 30 OCTOBRE 2022- 20:45;OLYMPIQUE LYONNAIS;LOSC LILLE;1;0;44,9;55,1;51,7;48,3;38,5;61,5;20;7;2;1;3;6;440;537;11;15;6;15;3;5;3;1;0;0;3-5-2;3-2-2-2-1
70885;Journée 13;STADE LOUIS-II;7069;DIM. 30 OCTOBRE 2022- 15:00;AS MONACO;ANGERS SCO;2;0;52,2;47,8;48,4;51,6;41,7;58,3;11;5;1;2;7;0;487;462;27;6;8;7;5;4;3;3;0;0;3-2-2-1-2;3-2-3-2
70886;Journée 13;STADE DE LA BEAUJOIRE-LOUIS FONTENEAU;30894;DIM. 30 OCTOBRE 2022- 15:00;FC NANTES;CLERMONT FOOT 63;1;1;55;45;44,6;55,4;39,5;60,5;8;15;0;1;2;2;518;439;31;13;13;10;4;6;0;2;0;0;2-2-2-3-1;2-2-2-3-1
70887;Journée 13;PARC DES PRINCES;46359;SAM. 29 OCTOBRE 2022- 17:00;PARIS SAINT-GERMAIN;ESTAC TROYES;4;3;67,1;32,9;54,8;45,2;63,6;36,4;9;12;2;1;8;4;689;324;10;12;19;16;11;5;0;3;0;0;2-2-1-2-2-1;2-2-2-3-1
70888;Journée 13;ROAZHON PARK;26617;DIM. 30 OCTOBRE 2022- 15:00;STADE RENNAIS FC;MONTPELLIER HÉRAULT SC;3;0;55,7;44,3;45,7;54,3;47,8;52,2;12;11;0;5;3;4;524;409;17;19;14;8;3;3;1;2;0;0;2-2-2-2-2;3-2-3-2
70889;Journée 13;STADE DE LA MEINAU;25697;SAM. 29 OCTOBRE 2022- 21:00;RC STRASBOURG ALSACE;OLYMPIQUE DE MARSEILLE;2;2;50,2;49,8;45,2;54,8;56;44;13;14;0;0;3;0;471;476;20;8;12;13;5;5;0;2;0;0;3-5-2;2-2-2-3-1
70890;Journée 14;STADE FRANÇOIS-COTY;7203;SAM. 5 NOVEMBRE 2022- 17:00;AC AJACCIO;RC STRASBOURG ALSACE;4;2;49,1;50,9;47,9;52,1;41,7;58,3;9;11;1;0;4;3;372;380;17;20;12;9;7;5;0;4;1;0;2-2-2-2-2;2-2-2-3-1
70891;Journée 14;STADE RAYMOND-KOPA;11595;SAM. 5 NOVEMBRE 2022- 21:00;ANGERS SCO;RC LENS;1;2;43,8;56,2;51,9;48,1;56,3;43,8;2;7;0;2;3;4;444;561;7;19;6;12;3;4;1;2;0;0;3-2-3-2;2-2-2-3-1
70892;Journée 14;STADE GABRIEL-MONTPIED;10990;DIM. 6 NOVEMBRE 2022- 15:00;CLERMONT FOOT 63;MONTPELLIER HÉRAULT SC;1;1;53,6;46,4;58,3;41,7;65,8;34,2;10;15;1;1;5;1;399;354;27;12;16;7;7;3;1;2;0;0;3-2-2-1-2;3-2-3-2
70893;Journée 14;DECATHLON ARENA – STADE PIERRE-MAUROY;35539;DIM. 6 NOVEMBRE 2022- 17:05;LOSC LILLE;STADE RENNAIS FC;1;1;62;38;56,6;43,4;55,9;44,1;7;5;1;0;6;2;579;358;15;6;19;3;7;2;4;1;0;1;2-2-2-3-1;2-2-1-2-2-1
70894;Journée 14;STADE YVES-ALLAINMAT;16778;DIM. 6 NOVEMBRE 2022- 13:00;FC LORIENT;PARIS SAINT-GERMAIN;1;2;41;59;51,1;48,9;41,2;58,8;7;10;0;0;5;8;404;585;16;24;9;15;2;7;1;1;0;0;2-2-1-4-1;1-2-2-3-2
70895;Journée 14;ORANGE VÉLODROME;62975;DIM. 6 NOVEMBRE 2022- 20:45;OLYMPIQUE DE MARSEILLE;OLYMPIQUE LYONNAIS;1;0;46,3;53,7;50;50;46,2;53,8;12;10;2;0;6;4;434;519;20;18;6;11;2;4;0;1;0;0;3-2-2-2-1;1-2-1-2-2-2
70896;Journée 14;ALLIANZ RIVIERA;19035;DIM. 6 NOVEMBRE 2022- 15:00;OGC NICE;STADE BRESTOIS 29;1;0;56,1;43,9;57,1;42,9;47,6;52,4;11;14;5;2;2;6;577;436;14;20;14;12;9;2;1;1;0;0;2-2-2-2-2;2-2-1-2-2-1
70897;Journée 14;STADE AUGUSTE-DELAUNE;11477;DIM. 6 NOVEMBRE 2022- 15:00;STADE DE REIMS;FC NANTES;1;0;57;43;55,7;44,3;54,8;45,2;14;20;1;0;10;4;481;367;27;15;22;15;9;5;2;2;0;1;2-2-2-3-1;4-1-2-2-1
70898;Journée 14;STADIUM;23005;DIM. 6 NOVEMBRE 2022- 15:00;TOULOUSE FC;AS MONACO;0;2;48,6;51,4;44,2;55,8;53,1;46,9;16;21;2;2;7;6;397;422;17;20;13;24;5;10;0;1;0;0;2-2-1-2-2-1;3-2-2-2-1
70899;Journée 14;STADE DE L'AUBE;12689;VEN. 4 NOVEMBRE 2022- 21:00;ESTAC TROYES;AJ AUXERRE;1;1;50,1;49,9;54,3;45,7;60,9;39,1;7;11;0;2;10;5;484;481;27;25;21;13;6;2;2;0;0;0;3-2-2-1-2;2-2-2-2-2
70900;Journée 15;STADE FRANCIS-LE BLÉ;10462;DIM. 13 NOVEMBRE 2022- 15:00;STADE BRESTOIS 29;ESTAC TROYES;2;1;53,8;46,2;51,1;48,9;52,4;47,6;11;10;2;2;5;5;429;372;21;15;15;8;5;2;3;2;0;1;2-2-1-2-2-1;2-2-2-3-1
70901;Journée 15;STADE BOLLAERT-DELELIS;37519;SAM. 12 NOVEMBRE 2022- 17:00;RC LENS;CLERMONT FOOT 63;2;1;61,4;38,6;52,4;47,6;61,5;38,5;11;10;2;3;5;3;508;330;34;9;16;5;3;2;1;3;0;0;3-2-2-2-1;1-2-2-3-2
70902;Journée 15;DECATHLON ARENA – STADE PIERRE-MAUROY;36360;DIM. 13 NOVEMBRE 2022- 15:00;LOSC LILLE;ANGERS SCO;1;0;58,4;41,6;43,9;56,1;29,6;70,4;3;13;2;1;2;6;568;391;8;17;9;8;4;2;3;1;1;0;2-2-2-3-1;3-2-3-2
70903;Journée 15;GROUPAMA STADIUM;57688;VEN. 11 NOVEMBRE 2022- 21:00;OLYMPIQUE LYONNAIS;OGC NICE;1;1;63;37;52,6;47,4;65;35;9;15;0;3;3;4;647;384;21;10;9;13;3;3;1;0;0;0;2-2-1-2-2-1;2-2-2-2-2
70904;Journée 15;STADE LOUIS-II;10631;DIM. 13 NOVEMBRE 2022- 20:45;AS MONACO;OLYMPIQUE DE MARSEILLE;2;3;41,5;58,5;52,6;47,4;65,2;34,8;11;10;0;1;5;4;388;563;21;13;11;11;6;3;3;1;0;0;2-2-2-3-1;2-2-2-3-1
70905;Journée 15;STADE DE LA MOSSON ET DU MONDIAL 98;11778;DIM. 13 NOVEMBRE 2022- 15:00;MONTPELLIER HÉRAULT SC;STADE DE REIMS;1;1;49,2;50,8;50;50;47,4;52,6;14;22;1;2;11;7;345;378;38;19;16;17;8;4;2;2;0;0;3-2-3-2;3-2-2-2-1
70906;Journée 15;STADE DE LA BEAUJOIRE-LOUIS FONTENEAU;29407;DIM. 13 NOVEMBRE 2022- 15:00;FC NANTES;AC AJACCIO;2;2;53;47;54,9;45,1;60;40;4;6;1;2;9;6;385;337;22;23;15;13;5;4;3;4;0;0;2-2-2-3-1;2-2-2-2-2
70907;Journée 15;PARC DES PRINCES;47926;DIM. 13 NOVEMBRE 2022- 13:00;PARIS SAINT-GERMAIN;AJ AUXERRE;5;0;58,8;41,2;42,9;57,1;56,3;43,8;5;11;3;0;3;7;650;446;9;13;9;10;6;3;0;0;0;0;2-2-3-1-2;2-2-2-3-1
70908;Journée 15;ROAZHON PARK;26835;SAM. 12 NOVEMBRE 2022- 21:00;STADE RENNAIS FC;TOULOUSE FC;2;1;46,5;53,5;48,2;51,8;57,1;42,9;14;6;2;4;4;4;429;486;12;19;16;10;8;4;0;0;0;0;2-2-2-2-2;2-2-1-2-2-1
70909;Journée 15;STADE DE LA MEINAU;25117;DIM. 13 NOVEMBRE 2022- 17:05;RC STRASBOURG ALSACE;FC LORIENT;1;1;61,1;38,9;55,6;44,4;63,9;36,1;10;7;2;1;4;2;609;405;40;5;20;6;4;2;4;1;0;0;2-2-2-2-2;4-1-2-2-1
70910;Journée 16;STADE FRANÇOIS-COTY;7088;MER. 28 DÉCEMBRE 2022- 15:00;AC AJACCIO;ANGERS SCO;1;0;45,7;54,3;36,2;63,8;29,4;70,6;6;6;2;2;3;5;371;431;13;23;11;14;3;4;1;0;0;0;2-2-2-2-2;3-2-2-2-1
70911;Journée 16;STADE DE L'ABBÉ-DESCHAMPS;16503;MER. 28 DÉCEMBRE 2022- 17:00;AJ AUXERRE;AS MONACO;2;3;37,9;62,1;58,8;41,2;54,5;45,5;14;5;3;2;1;4;342;561;12;17;11;6;6;3;1;0;0;0;2-2-2-2-1-1;2-2-2-2-2
70912;Journée 16;STADE FRANCIS-LE BLÉ;14601;MER. 28 DÉCEMBRE 2022- 21:00;STADE BRESTOIS 29;OLYMPIQUE LYONNAIS;2;4;42,9;57,1;57,6;42,4;71,4;28,6;9;15;1;0;6;6;343;475;27;16;17;17;5;9;2;2;0;0;2-2-1-2-2-1;3-2-2-2-1
70913;Journée 16;STADE GABRIEL-MONTPIED;12381;MER. 28 DÉCEMBRE 2022- 19:00;CLERMONT FOOT 63;LOSC LILLE;0;2;42,7;57,3;51,4;48,6;64;36;15;10;3;3;3;3;372;519;14;6;9;14;3;3;2;2;1;0;3-2-2-2-1;2-2-2-3-1
70914;Journée 16;STADE YVES-ALLAINMAT;15963;JEU. 29 DÉCEMBRE 2022- 17:00;FC LORIENT;MONTPELLIER HÉRAULT SC;0;2;47,7;52,3;51,3;48,7;53,3;46,7;15;4;0;2;5;2;443;498;21;13;12;14;4;6;3;4;0;0;2-2-2-3-1;3-2-2-2-1
70915;Journée 16;ORANGE VÉLODROME;61371;JEU. 29 DÉCEMBRE 2022- 21:00;OLYMPIQUE DE MARSEILLE;TOULOUSE FC;6;1;50,8;49,2;50,5;49,5;65,2;34,8;11;18;0;0;1;6;458;438;10;19;13;10;7;6;1;2;0;0;3-2-2-2-1;2-2-1-2-2-1
70916;Journée 16;ALLIANZ RIVIERA;24205;JEU. 29 DÉCEMBRE 2022- 21:00;OGC NICE;RC LENS;0;0;41;59;49,5;50,5;41,2;58,8;7;4;2;3;4;6;400;577;9;16;9;10;5;2;2;3;0;0;3-2-2-2-1;2-2-2-3-1
70917;Journée 16;PARC DES PRINCES;47926;MER. 28 DÉCEMBRE 2022- 21:00;PARIS SAINT-GERMAIN;RC STRASBOURG ALSACE;2;1;70,9;29,1;41;59;23,1;76,9;3;17;3;0;8;3;765;309;16;11;10;12;6;3;2;1;1;0;2-2-3-1-2;1-2-1-2-2-2
70918;Journée 16;STADE AUGUSTE-DELAUNE;13262;JEU. 29 DÉCEMBRE 2022- 19:00;STADE DE REIMS;STADE RENNAIS FC;3;1;33,1;66,9;47,9;52,1;46,7;53,3;10;10;5;3;4;6;287;598;13;20;10;11;4;5;2;2;0;0;2-2-2-3-1;2-2-1-2-2-1
70919;Journée 16;STADE DE L'AUBE;9043;MER. 28 DÉCEMBRE 2022- 15:00;ESTAC TROYES;FC NANTES;0;0;55,5;44,5;48,4;51,6;34,6;65,4;7;15;0;0;4;5;575;447;15;30;6;19;2;5;0;2;0;0;2-2-2-3-1;4-1-2-2-1
70920;Journée 17;STADE RAYMOND-KOPA;7789;DIM. 1 JANVIER 2023- 15:00;ANGERS SCO;FC LORIENT;1;2;41,6;58,4;44,7;55,3;48,1;51,9;6;9;3;0;7;7;339;491;19;15;15;10;6;5;3;0;0;0;2-2-2-3-1;3-2-2-2-1
70921;Journée 17;STADE BOLLAERT-DELELIS;38047;DIM. 1 JANVIER 2023- 20:45;RC LENS;PARIS SAINT-GERMAIN;3;1;40,5;59,5;53,3;46,7;61,5;38,5;11;6;3;0;3;7;400;577;6;19;10;16;4;6;2;3;0;0;3-2-2-2-1;1-3-2-2-2
70922;Journée 17;DECATHLON ARENA – STADE PIERRE-MAUROY;31086;LUN. 2 JANVIER 2023- 17:00;LOSC LILLE;STADE DE REIMS;1;1;61,9;38,1;58,2;41,8;57,1;42,9;7;9;1;3;5;1;602;368;13;8;14;9;5;6;1;1;0;0;3-2-2-2-1;3-2-2-2-1
70923;Journée 17;GROUPAMA STADIUM;40392;DIM. 1 JANVIER 2023- 17:00;OLYMPIQUE LYONNAIS;CLERMONT FOOT 63;0;1;60,4;39,6;51,4;48,6;66,7;33,3;11;14;0;2;7;4;543;358;13;7;13;13;2;3;1;3;0;0;2-2-2-3-1;2-2-2-3-1
70924;Journée 17;STADE LOUIS-II;9364;DIM. 1 JANVIER 2023- 15:00;AS MONACO;STADE BRESTOIS 29;1;0;51,3;48,7;51,8;48,2;56,1;43,9;9;16;1;2;7;5;434;411;17;18;17;13;5;6;3;4;0;0;2-2-2-2-2;2-2-1-2-2-1
70925;Journée 17;STADE DE LA MOSSON ET DU MONDIAL 98;18971;LUN. 2 JANVIER 2023- 19:00;MONTPELLIER HÉRAULT SC;OLYMPIQUE DE MARSEILLE;1;2;40;60;54,7;45,3;57,1;42,9;6;12;3;2;5;7;317;483;18;24;8;17;1;8;2;2;0;1;2-2-2-3-1;2-2-2-3-1
70926;Journée 17;STADE DE LA BEAUJOIRE-LOUIS FONTENEAU;23266;DIM. 1 JANVIER 2023- 15:00;FC NANTES;AJ AUXERRE;1;0;50,6;49,4;57,3;42,7;48,2;51,8;8;15;1;0;3;7;412;398;14;21;10;14;3;6;1;2;0;0;2-2-2-2-2;1-2-2-2-2-1
70927;Journée 17;ROAZHON PARK;27427;LUN. 2 JANVIER 2023- 21:00;STADE RENNAIS FC;OGC NICE;2;1;62,3;37,7;41,7;58,3;43,5;56,5;13;10;1;1;5;2;633;390;21;6;20;6;5;3;1;1;0;0;2-2-2-2-2;2-2-2-3-1
70928;Journée 17;STADE DE LA MEINAU;25135;LUN. 2 JANVIER 2023- 15:00;RC STRASBOURG ALSACE;ESTAC TROYES;2;3;;;;;;;;;;;;;;;;;;;;;;;;;2-2-3-1-2;3-2-2-2-1
70929;Journée 17;STADIUM;25957;DIM. 1 JANVIER 2023- 15:00;TOULOUSE FC;AC AJACCIO;2;0;62,7;37,3;53,6;46,4;57,1;42,9;11;18;3;1;5;2;569;339;19;11;11;1;4;0;3;1;0;0;2-2-1-2-2-1;2-2-2-2-2
70930;Journée 18;STADE FRANÇOIS-COTY;6648;MER. 11 JANVIER 2023- 19:00;AC AJACCIO;STADE DE REIMS;0;1;47,6;52,4;51,5;48,5;54,5;45,5;12;10;3;2;2;2;365;425;32;11;11;9;1;3;3;3;0;0;2-2-2-2-2;3-2-2-2-1
70931;Journée 18;STADE DE L'ABBÉ-DESCHAMPS;12405;MER. 11 JANVIER 2023- 19:00;AJ AUXERRE;TOULOUSE FC;0;5;47,4;52,6;46,5;53,5;45,7;54,3;6;10;0;1;7;4;323;374;29;13;18;9;4;7;3;1;0;0;2-2-2-2-2;2-2-1-2-2-1
70932;Journée 18;STADE FRANCIS-LE BLÉ;11542;MER. 11 JANVIER 2023- 19:00;STADE BRESTOIS 29;LOSC LILLE;0;0;28;72;44,7;55,3;34,5;65,5;16;10;0;2;0;8;264;688;11;23;5;11;0;4;0;1;0;0;2-2-1-2-2-1;3-2-2-2-1
70933;Journée 18;STADE GABRIEL-MONTPIED;10648;MER. 11 JANVIER 2023- 19:00;CLERMONT FOOT 63;STADE RENNAIS FC;2;1;38,2;61,8;50;50;46,7;53,3;15;11;2;0;4;1;355;583;10;9;11;9;5;2;0;0;0;2;3-2-2-2-1;2-2-2-2-2
70934;Journée 18;STADE YVES-ALLAINMAT;14521;MER. 11 JANVIER 2023- 21:00;FC LORIENT;AS MONACO;2;2;42,2;57,8;55;45;37,5;62,5;12;10;1;2;3;4;369;501;13;25;8;16;6;4;1;1;0;0;2-2-2-3-1;2-2-2-2-2
70935;Journée 18;STADE DE LA BEAUJOIRE-LOUIS FONTENEAU;27657;MER. 11 JANVIER 2023- 19:00;FC NANTES;OLYMPIQUE LYONNAIS;0;0;39,2;60,8;49,5;50,5;50;50;13;11;2;2;6;1;367;586;22;13;13;10;5;6;2;3;0;0;2-2-2-2-2;2-2-1-2-2-1
70936;Journée 18;ALLIANZ RIVIERA;17500;MER. 11 JANVIER 2023- 21:00;OGC NICE;MONTPELLIER HÉRAULT SC;6;1;58,9;41,1;51,6;48,4;41,7;58,3;7;10;0;3;3;4;491;338;16;12;16;4;10;2;1;1;0;0;2-2-2-3-1;3-2-2-2-1
70937;Journée 18;PARC DES PRINCES;47647;MER. 11 JANVIER 2023- 21:00;PARIS SAINT-GERMAIN;ANGERS SCO;2;0;66,2;33,8;54;46;60;40;4;8;3;2;5;1;832;419;10;7;9;6;6;0;1;2;0;0;3-2-2-2-1;3-2-2-2-1
70938;Journée 18;STADE DE LA MEINAU;25624;MER. 11 JANVIER 2023- 21:00;RC STRASBOURG ALSACE;RC LENS;2;2;34,8;65,2;47;53;72,2;27,8;5;8;0;0;3;4;337;618;11;34;9;15;6;8;1;1;0;0;3-2-3-2;2-2-2-3-1
70939;Journée 18;STADE DE L'AUBE;13225;MER. 11 JANVIER 2023- 21:00;ESTAC TROYES;OLYMPIQUE DE MARSEILLE;0;2;31,5;68,5;48,6;51,4;60;40;8;10;1;4;4;7;300;656;11;27;5;13;1;4;2;3;0;0;2-2-2-3-1;2-2-2-3-1
71520;Journée 19;STADE AUGUSTE-DELAUNE;11383;DIM. 15 JANVIER 2023- 15:00;STADE DE REIMS;OGC NICE;0;0;50,6;49,4;48,9;51,1;53,8;46,2;7;14;1;2;5;3;519;517;19;11;13;6;2;4;1;1;0;0;2-2-2-3-1;2-2-1-2-2-1
71522;Journée 19;STADE RAYMOND-KOPA;12086;DIM. 15 JANVIER 2023- 15:00;ANGERS SCO;CLERMONT FOOT 63;1;2;58,8;41,2;49,1;50,9;50;50;14;15;0;1;3;1;614;438;24;11;5;10;1;6;2;2;0;0;2-2-2-3-1;2-2-2-3-1
71523;Journée 19;STADE BOLLAERT-DELELIS;38208;SAM. 14 JANVIER 2023- 17:00;RC LENS;AJ AUXERRE;1;0;68,4;31,6;50,5;49,5;60;40;7;11;0;1;9;2;581;274;37;11;10;6;2;1;2;1;0;1;3-2-2-2-1;2-3-2-2-1
71524;Journée 19;DECATHLON ARENA – STADE PIERRE-MAUROY;31254;DIM. 15 JANVIER 2023- 13:00;LOSC LILLE;ESTAC TROYES;5;1;66,9;33,1;45,1;54,9;45,5;54,5;8;7;2;1;7;2;665;320;15;12;23;10;13;2;1;0;0;0;2-2-2-2-2;3-2-2-2-1
71525;Journée 19;GROUPAMA STADIUM;38473;SAM. 14 JANVIER 2023- 21:00;OLYMPIQUE LYONNAIS;RC STRASBOURG ALSACE;1;2;72,3;27,7;53,8;46,2;47,1;52,9;14;19;1;0;14;2;691;274;42;3;28;8;7;6;1;3;0;0;3-2-2-1-2;3-2-3-2
71526;Journée 19;ORANGE VÉLODROME;63276;SAM. 14 JANVIER 2023- 19:00;OLYMPIQUE DE MARSEILLE;FC LORIENT;3;1;68,8;31,2;50;50;60,9;39,1;14;7;1;0;6;3;661;304;30;6;15;11;8;3;1;0;0;0;3-2-2-2-1;3-2-2-2-1
71527;Journée 19;STADE LOUIS-II;4196;DIM. 15 JANVIER 2023- 17:05;AS MONACO;AC AJACCIO;7;1;65,9;34,1;54,8;45,2;47,8;52,2;11;12;1;2;3;3;635;329;19;7;11;5;8;2;1;2;0;0;2-2-2-2-2;2-2-2-3-1
71528;Journée 19;STADE DE LA MOSSON ET DU MONDIAL 98;10947;DIM. 15 JANVIER 2023- 15:00;MONTPELLIER HÉRAULT SC;FC NANTES;0;3;46,5;53,5;48,6;51,4;46,7;53,3;3;11;1;2;3;5;366;418;18;28;11;12;5;7;1;2;2;0;2-2-2-3-1;3-2-3-2
71529;Journée 19;ROAZHON PARK;27566;DIM. 15 JANVIER 2023- 20:45;STADE RENNAIS FC;PARIS SAINT-GERMAIN;1;0;35,4;64,6;58,1;41,9;66,7;33,3;10;6;2;2;4;5;364;666;10;14;8;8;6;1;0;0;0;0;3-2-2-2-1;2-2-2-3-1
71530;Journée 19;STADIUM;20637;DIM. 15 JANVIER 2023- 15:00;TOULOUSE FC;STADE BRESTOIS 29;1;1;63,7;36,3;40,7;59,3;27,5;72,5;15;21;2;0;10;5;544;310;28;18;16;17;7;5;2;2;0;0;2-2-1-2-2-1;4-1-2-2-1
70760;Journée 1;STADE RAYMOND-KOPA;15632;DIM. 7 AOÛT 2022- 15:00;ANGERS SCO;FC NANTES;0;0;49,3;50,7;52,1;47,9;44,4;55,6;4;8;1;3;3;6;365;375;15;17;16;14;6;4;3;3;0;0;2-2-2-3-1;1-2-2-3-2
70761;Journée 1;STADE GABRIEL-MONTPIED;12203;SAM. 6 AOÛT 2022- 21:00;CLERMONT FOOT 63;PARIS SAINT-GERMAIN;0;5;38,5;61,5;52,9;47,1;57,1;42,9;12;5;0;4;0;6;425;673;3;14;7;18;1;12;2;1;0;0;2-2-2-3-1;2-2-2-3-1
70762;Journée 1;STADE BOLLAERT-DELELIS;37015;DIM. 7 AOÛT 2022- 15:00;RC LENS;STADE BRESTOIS 29;3;2;61,7;38,3;50;50;47,8;52,2;7;8;0;2;6;3;484;297;12;11;16;6;7;4;2;4;0;0;3-2-2-2-1;2-2-2-2-2
70763;Journée 1;DECATHLON ARENA – STADE PIERRE-MAUROY;32292;DIM. 7 AOÛT 2022- 15:00;LOSC LILLE;AJ AUXERRE;4;1;60,2;39,8;44,9;55,1;46,2;53,8;3;8;2;4;7;2;613;402;14;15;16;10;6;2;2;1;0;0;2-2-2-3-1;3-2-2-2-1
70764;Journée 1;GROUPAMA STADIUM;48516;VEN. 5 AOÛT 2022- 21:00;OLYMPIQUE LYONNAIS;AC AJACCIO;2;1;67,5;32,5;54,7;45,3;61,9;38,1;11;11;0;0;4;3;635;297;7;11;11;8;6;4;1;4;1;1;2-2-1-2-2-1;2-2-2-2-2
70765;Journée 1;ORANGE VÉLODROME;62738;DIM. 7 AOÛT 2022- 20:45;OLYMPIQUE DE MARSEILLE;STADE DE REIMS;4;1;55,9;44,1;51,9;48,1;51,1;48,9;16;11;1;1;6;7;482;379;23;18;16;16;6;6;1;0;0;0;3-2-2-2-1;2-2-1-2-2-1
70766;Journée 1;STADE DE LA MOSSON ET DU MONDIAL 98;12003;DIM. 7 AOÛT 2022- 15:00;MONTPELLIER HÉRAULT SC;ESTAC TROYES;3;2;53,4;46,6;40,2;59,8;34,8;65,2;7;15;4;0;3;6;398;342;12;22;17;16;6;10;1;0;0;0;2-2-2-3-1;2-2-2-3-1
70767;Journée 1;ROAZHON PARK;28177;DIM. 7 AOÛT 2022- 17:05;STADE RENNAIS FC;FC LORIENT;0;1;63,7;36,3;48,1;51,9;68;32;9;9;0;1;7;2;635;368;25;8;21;8;6;2;3;1;0;0;2-2-1-2-2-1;2-2-1-2-2-1
70768;Journée 1;STADE DE LA MEINAU;25359;SAM. 6 AOÛT 2022- 17:00;RC STRASBOURG ALSACE;AS MONACO;1;2;53,3;46,7;58,1;41,9;60;40;15;10;3;3;3;7;482;411;16;25;11;24;7;11;0;2;0;0;3-2-2-1-2;3-2-2-2-1
70769;Journée 1;STADIUM;20567;DIM. 7 AOÛT 2022- 13:00;TOULOUSE FC;OGC NICE;1;1;45,9;54,1;52,6;47,4;63,6;36,4;16;9;2;2;6;3;456;544;18;14;6;11;4;4;1;2;0;0;2-2-2-3-1;2-2-1-2-2-1
70950;Journée 20;STADE FRANÇOIS-COTY;7688;DIM. 29 JANVIER 2023- 17:05;AC AJACCIO;OLYMPIQUE LYONNAIS;0;2;51,1;48,9;49,6;50,4;45,5;54,5;10;14;3;2;5;1;394;386;17;7;16;8;5;2;2;3;0;0;2-2-2-2-2;4-1-2-2-1
70951;Journée 20;STADE DE L'ABBÉ-DESCHAMPS;14206;DIM. 29 JANVIER 2023- 15:00;AJ AUXERRE;MONTPELLIER HÉRAULT SC;0;2;58,2;41,8;53;47;56;44;13;13;0;0;5;3;469;346;29;10;16;4;5;3;1;3;0;0;2-2-1-2-2-1;3-2-2-2-1
70952;Journée 20;STADE FRANCIS-LE BLÉ;12629;DIM. 29 JANVIER 2023- 15:00;STADE BRESTOIS 29;ANGERS SCO;4;0;41;59;56,2;43,8;52,4;47,6;14;18;3;3;4;5;383;556;15;21;9;8;7;1;0;2;0;0;2-2-1-4-1;2-2-2-2-2
70953;Journée 20;STADE GABRIEL-MONTPIED;11015;DIM. 29 JANVIER 2023- 15:00;CLERMONT FOOT 63;FC NANTES;0;0;59,1;40,9;53,7;46,3;42,9;57,1;6;20;0;0;9;1;548;378;24;15;9;4;0;0;2;1;0;0;3-2-2-2-1;2-3-2-2-1
70954;Journée 20;STADE YVES-ALLAINMAT;16782;VEN. 27 JANVIER 2023- 21:00;FC LORIENT;STADE RENNAIS FC;2;1;33;67;50,5;49,5;50;50;9;8;1;0;2;10;342;668;4;42;4;19;4;6;1;1;0;0;2-2-2-3-1;2-2-2-3-1
70955;Journée 20;ORANGE VÉLODROME;63502;SAM. 28 JANVIER 2023- 21:00;OLYMPIQUE DE MARSEILLE;AS MONACO;1;1;61;39;55,7;44,3;58,8;41,2;14;13;1;1;6;3;589;373;21;14;22;11;6;4;2;2;0;0;3-2-2-2-1;2-2-2-2-2
70956;Journée 20;ALLIANZ RIVIERA;22126;DIM. 29 JANVIER 2023- 13:00;OGC NICE;LOSC LILLE;1;0;44,4;55,6;53,9;46,1;60;40;11;10;0;1;5;7;443;562;16;13;12;16;6;7;3;2;0;0;2-2-1-2-2-1;3-2-2-2-1
70957;Journée 20;PARC DES PRINCES;47926;DIM. 29 JANVIER 2023- 20:45;PARIS SAINT-GERMAIN;STADE DE REIMS;1;1;59,4;40,6;45,2;54,8;75;25;8;15;1;4;3;3;713;466;5;24;12;17;4;4;2;1;1;0;2-2-2-3-1;2-3-2-2-1
70958;Journée 20;STADE DE LA MEINAU;25196;DIM. 29 JANVIER 2023- 15:00;RC STRASBOURG ALSACE;TOULOUSE FC;1;2;54,3;45,7;41,9;58,1;36,4;63,6;13;9;1;2;4;2;556;476;17;5;11;8;2;3;1;1;1;0;3-5-2;2-2-1-2-2-1
70959;Journée 20;STADE DE L'AUBE;13091;SAM. 28 JANVIER 2023- 17:00;ESTAC TROYES;RC LENS;1;1;26,5;73,5;40,8;59,2;34,6;65,4;8;5;0;2;3;11;244;650;7;47;6;21;1;4;2;1;0;0;3-2-2-2-1;2-2-2-3-1
70960;Journée 21;STADE RAYMOND-KOPA;7255;MER. 1 FÉVRIER 2023- 19:00;ANGERS SCO;AC AJACCIO;1;2;38,9;61,1;48;52;48,7;51,3;11;15;1;2;2;6;296;451;7;29;6;9;2;4;1;2;1;0;2-2-2-2-2;2-2-2-2-2
70961;Journée 21;STADE BOLLAERT-DELELIS;37437;MER. 1 FÉVRIER 2023- 21:00;RC LENS;OGC NICE;0;1;55,3;44,7;43,5;56,5;35;65;13;11;3;3;5;3;518;425;19;9;9;14;4;6;0;2;0;0;3-2-2-2-1;2-2-2-3-1
70962;Journée 21;DECATHLON ARENA – STADE PIERRE-MAUROY;32498;MER. 1 FÉVRIER 2023- 19:00;LOSC LILLE;CLERMONT FOOT 63;0;0;66,3;33,7;48,4;51,6;45,5;54,5;6;11;2;2;8;3;611;314;24;9;22;13;5;5;0;1;0;0;2-2-2-3-1;2-2-2-3-1
70963;Journée 21;GROUPAMA STADIUM;30837;MER. 1 FÉVRIER 2023- 21:00;OLYMPIQUE LYONNAIS;STADE BRESTOIS 29;0;0;75,3;24,7;51,4;48,6;65,2;34,8;12;17;0;3;15;2;686;225;36;9;28;8;8;1;0;0;0;0;2-2-3-1-2;4-1-2-2-1
70964;Journée 21;STADE LOUIS-II;3061;MER. 1 FÉVRIER 2023- 21:00;AS MONACO;AJ AUXERRE;3;2;43,4;56,6;41,9;58,1;35,7;64,3;8;9;3;1;5;4;422;546;9;13;16;11;6;3;0;0;0;0;2-2-2-2-2;2-2-1-2-2-1
70965;Journée 21;STADE DE LA MOSSON ET DU MONDIAL 98;17454;MER. 1 FÉVRIER 2023- 21:00;MONTPELLIER HÉRAULT SC;PARIS SAINT-GERMAIN;1;3;33,9;66,1;48,8;51,2;38,5;61,5;16;11;3;4;1;3;356;708;11;13;6;19;3;8;1;1;0;0;3-5-2;3-1-2-2-2
70966;Journée 21;STADE DE LA BEAUJOIRE-LOUIS FONTENEAU;34125;MER. 1 FÉVRIER 2023- 19:00;FC NANTES;OLYMPIQUE DE MARSEILLE;0;2;40,7;59,3;47,4;52,6;42,3;57,7;9;8;0;3;5;7;321;494;21;17;12;13;2;4;4;3;0;0;2-2-2-3-1;2-2-2-3-1
70967;Journée 21;STADE AUGUSTE-DELAUNE;10746;MER. 1 FÉVRIER 2023- 19:00;STADE DE REIMS;FC LORIENT;4;2;57,8;42,2;50,5;49,5;66,7;33,3;6;6;3;1;5;7;561;404;21;14;31;12;9;5;1;0;0;0;2-2-2-3-1;3-2-2-2-1
70968;Journée 21;ROAZHON PARK;26176;MER. 1 FÉVRIER 2023- 21:00;STADE RENNAIS FC;RC STRASBOURG ALSACE;3;0;58,9;41,1;55;45;50;50;7;10;2;2;4;0;586;398;4;13;6;3;3;0;0;1;0;0;2-2-1-2-2-1;2-2-2-3-1
70969;Journée 21;STADIUM;17225;MER. 1 FÉVRIER 2023- 19:00;TOULOUSE FC;ESTAC TROYES;4;1;55,6;44,4;46,1;53,9;28,6;71,4;11;9;2;0;8;0;549;448;19;3;13;11;6;3;2;3;0;0;2-2-1-2-2-1;5-3-2
70970;Journée 22;STADE FRANÇOIS-COTY;6908;DIM. 5 FÉVRIER 2023- 15:00;AC AJACCIO;FC NANTES;0;2;43;57;39,3;60,7;36,2;63,8;12;15;0;2;2;2;356;468;10;16;8;7;2;3;2;1;1;0;2-2-2-2-2;3-2-2-2-1
70971;Journée 22;STADE DE L'ABBÉ-DESCHAMPS;14680;DIM. 5 FÉVRIER 2023- 15:00;AJ AUXERRE;STADE DE REIMS;0;0;39,1;60,9;45,7;54,3;34,4;65,6;15;6;3;2;4;5;310;515;31;16;13;8;3;4;2;0;0;0;2-2-2-3-1;3-2-2-2-1
70972;Journée 22;STADE FRANCIS-LE BLÉ;11639;DIM. 5 FÉVRIER 2023- 17:05;STADE BRESTOIS 29;RC LENS;1;1;33,9;66,1;46,9;53,1;55;45;13;7;1;2;11;5;275;553;25;43;16;20;3;7;4;2;0;0;2-2-1-4-1;2-2-2-3-1
70973;Journée 22;STADE GABRIEL-MONTPIED;11598;DIM. 5 FÉVRIER 2023- 13:00;CLERMONT FOOT 63;AS MONACO;0;2;54,1;45,9;53,3;46,7;35,3;64,7;10;11;0;2;2;4;523;441;14;13;8;14;3;5;1;2;0;0;3-2-2-2-1;3-2-2-2-1
70974;Journée 22;STADE YVES-ALLAINMAT;12705;DIM. 5 FÉVRIER 2023- 15:00;FC LORIENT;ANGERS SCO;0;0;55,9;44,1;51,9;48,1;45,2;54,8;9;10;0;0;8;6;516;404;22;21;13;12;2;5;2;4;0;0;2-2-2-3-1;2-2-2-2-2
70975;Journée 22;ORANGE VÉLODROME;65234;DIM. 5 FÉVRIER 2023- 20:45;OLYMPIQUE DE MARSEILLE;OGC NICE;1;3;57,6;42,4;39,6;60,4;51,9;48,1;11;15;1;0;9;1;522;406;37;8;22;14;5;8;0;1;0;0;3-2-2-2-1;2-2-1-2-2-1
70976;Journée 22;PARC DES PRINCES;47888;SAM. 4 FÉVRIER 2023- 17:00;PARIS SAINT-GERMAIN;TOULOUSE FC;2;1;61,1;38,9;55,4;44,6;63,6;36,4;5;10;1;4;6;2;637;399;10;13;22;12;5;5;2;2;0;0;2-2-1-2-1-2;2-2-1-2-2-1
70977;Journée 22;ROAZHON PARK;28082;SAM. 4 FÉVRIER 2023- 21:00;STADE RENNAIS FC;LOSC LILLE;1;3;38,5;61,5;50,9;49,1;50;50;12;7;1;4;2;1;357;584;8;10;10;15;6;6;1;2;0;0;2-2-2-2-2;3-2-2-2-1
70978;Journée 22;STADE DE LA MEINAU;25028;DIM. 5 FÉVRIER 2023- 15:00;RC STRASBOURG ALSACE;MONTPELLIER HÉRAULT SC;2;0;31,9;68,1;57,6;42,4;57,5;42,5;12;8;0;5;4;7;275;566;7;33;6;11;2;0;3;1;1;0;3-2-2-2-1;2-2-1-2-2-1
70979;Journée 22;STADE DE L'AUBE;10240;SAM. 4 FÉVRIER 2023- 19:00;ESTAC TROYES;OLYMPIQUE LYONNAIS;1;3;41,5;58,5;51,7;48,3;58,8;41,2;17;12;3;2;5;6;423;597;9;12;8;10;2;6;0;1;0;0;3-5-2;1-3-2-2-2
70980;Journée 23;STADE RAYMOND-KOPA;7873;DIM. 12 FÉVRIER 2023- 15:00;ANGERS SCO;AJ AUXERRE;1;1;49,2;50,8;45,3;54,7;41,4;58,6;12;10;0;1;6;4;390;406;17;18;10;15;5;4;2;0;0;0;2-2-2-2-2;3-2-2-2-1
70981;Journée 23;STADE GABRIEL-MONTPIED;13576;SAM. 11 FÉVRIER 2023- 21:00;CLERMONT FOOT 63;OLYMPIQUE DE MARSEILLE;0;2;37,9;62,1;46,7;53,3;36,4;63,6;6;7;1;3;3;4;332;541;10;22;9;17;4;5;4;3;0;0;3-2-2-2-1;2-2-2-3-1
70982;Journée 23;DECATHLON ARENA – STADE PIERRE-MAUROY;30812;DIM. 12 FÉVRIER 2023- 15:00;LOSC LILLE;RC STRASBOURG ALSACE;2;0;67;33;46,5;53,5;55,6;44,4;5;7;1;4;5;4;738;351;11;17;14;5;10;0;1;2;0;0;2-2-2-3-1;2-2-2-3-1
70983;Journée 23;GROUPAMA STADIUM;53426;DIM. 12 FÉVRIER 2023- 20:45;OLYMPIQUE LYONNAIS;RC LENS;2;1;41,1;58,9;55,9;44,1;48;52;21;6;4;4;2;5;430;599;7;26;11;14;5;4;1;1;0;0;3-2-2-1-2;2-2-2-3-1
70984;Journée 23;STADE LOUIS-II;14908;SAM. 11 FÉVRIER 2023- 17:00;AS MONACO;PARIS SAINT-GERMAIN;3;1;41,9;58,1;58,6;41,4;68,8;31,3;11;16;2;1;3;2;491;695;12;4;19;7;9;2;0;1;0;0;2-2-2-2-2;5-3-2
70985;Journée 23;STADE DE LA MOSSON ET DU MONDIAL 98;12901;DIM. 12 FÉVRIER 2023- 15:00;MONTPELLIER HÉRAULT SC;STADE BRESTOIS 29;3;0;43,9;56,1;58;42;51,5;48,5;13;9;2;0;4;3;348;453;18;15;16;10;7;2;1;2;0;0;2-2-2-3-1;4-1-2-2-1
70986;Journée 23;STADE DE LA BEAUJOIRE-LOUIS FONTENEAU;33579;DIM. 12 FÉVRIER 2023- 17:05;FC NANTES;FC LORIENT;1;0;49,3;50,7;56,7;43,3;55,6;44,4;9;7;1;1;7;3;472;502;26;7;12;9;5;5;0;0;0;0;2-2-2-3-1;3-2-2-2-1
70987;Journée 23;ALLIANZ RIVIERA;20163;VEN. 10 FÉVRIER 2023- 21:00;OGC NICE;AC AJACCIO;3;0;62;38;48,7;51,3;60;40;9;11;2;2;5;5;654;396;11;14;11;6;3;3;1;0;0;0;2-2-1-2-2-1;4-1-2-2-1
70988;Journée 23;STADE AUGUSTE-DELAUNE;14054;DIM. 12 FÉVRIER 2023- 15:00;STADE DE REIMS;ESTAC TROYES;4;0;54;46;51,6;48,4;46,4;53,6;13;18;3;2;5;2;445;384;19;10;20;7;10;2;1;2;0;0;2-2-2-3-1;5-3-2
70989;Journée 23;STADIUM;21783;DIM. 12 FÉVRIER 2023- 13:00;TOULOUSE FC;STADE RENNAIS FC;3;1;31,1;68,9;50,7;49,3;50;50;13;4;3;0;2;7;278;610;6;25;13;13;7;4;1;1;0;0;2-2-1-2-2-1;2-2-2-2-2
70990;Journée 24;STADE DE L'ABBÉ-DESCHAMPS;16396;VEN. 17 FÉVRIER 2023- 21:00;AJ AUXERRE;OLYMPIQUE LYONNAIS;2;1;35,3;64,7;51,4;48,6;55,6;44,4;14;9;3;1;6;4;306;577;14;16;8;6;3;4;4;2;0;0;3-2-2-2-1;1-2-2-3-2
70991;Journée 24;STADE FRANCIS-LE BLÉ;13203;DIM. 19 FÉVRIER 2023- 15:00;STADE BRESTOIS 29;AS MONACO;1;2;48,2;51,8;45,2;54,8;38,7;61,3;16;9;1;6;5;5;428;474;26;12;12;9;3;3;1;2;0;0;2-2-1-4-1;2-2-2-2-2
70992;Journée 24;STADE BOLLAERT-DELELIS;37984;DIM. 19 FÉVRIER 2023- 17:05;RC LENS;FC NANTES;3;1;57,6;42,4;54,5;45,5;54,5;45,5;8;10;3;1;2;5;580;423;23;18;19;6;6;3;0;0;0;0;3-2-2-2-1;1-2-2-3-2
70993;Journée 24;STADE YVES-ALLAINMAT;12918;DIM. 19 FÉVRIER 2023- 15:00;FC LORIENT;AC AJACCIO;3;0;58,5;41,5;52,2;47,8;35,3;64,7;5;11;3;1;2;2;556;383;7;18;10;12;6;3;0;2;0;0;2-2-2-3-1;4-1-2-2-1
70994;Journée 24;ALLIANZ RIVIERA;20968;SAM. 18 FÉVRIER 2023- 17:00;OGC NICE;STADE DE REIMS;0;0;52,8;47,2;63,6;36,4;40;60;11;9;1;2;9;0;482;444;30;9;16;10;1;2;1;1;0;0;2-2-1-2-2-1;3-2-2-2-1
70995;Journée 24;PARC DES PRINCES;47926;DIM. 19 FÉVRIER 2023- 13:00;PARIS SAINT-GERMAIN;LOSC LILLE;4;3;46,5;53,5;62,7;37,3;56,3;43,8;12;7;1;3;3;6;446;506;7;16;12;16;10;7;2;4;0;0;2-2-3-1-2;3-2-2-2-1
70996;Journée 24;ROAZHON PARK;27798;DIM. 19 FÉVRIER 2023- 15:00;STADE RENNAIS FC;CLERMONT FOOT 63;2;0;60;40;53,4;46,6;53,3;46,7;11;13;2;1;2;7;585;380;6;18;18;7;6;3;0;2;0;0;2-2-2-3-1;2-2-2-3-1
70997;Journée 24;STADE DE LA MEINAU;25062;SAM. 18 FÉVRIER 2023- 21:00;RC STRASBOURG ALSACE;ANGERS SCO;2;1;36,5;63,5;59;41;62,2;37,8;12;5;0;3;4;5;317;544;13;25;18;10;5;3;3;3;0;0;3-5-2;2-2-2-2-2
70998;Journée 24;STADIUM;29218;DIM. 19 FÉVRIER 2023- 20:45;TOULOUSE FC;OLYMPIQUE DE MARSEILLE;2;3;52;48;50;50;50;50;10;14;0;3;3;10;448;401;14;25;15;15;6;7;0;2;0;0;2-2-1-4-1;2-2-2-3-1
70999;Journée 24;STADE DE L'AUBE;7345;DIM. 19 FÉVRIER 2023- 15:00;ESTAC TROYES;MONTPELLIER HÉRAULT SC;0;1;51;49;46,8;53,2;39,4;60,6;9;18;0;0;2;10;451;408;14;39;4;19;2;7;2;1;1;1;3-2-2-2-1;3-2-2-2-1
71000;Journée 25;STADE FRANÇOIS-COTY;6753;DIM. 26 FÉVRIER 2023- 15:00;AC AJACCIO;ESTAC TROYES;2;1;53,6;46,4;54,3;45,7;57,8;42,2;11;10;1;4;6;3;412;357;16;13;14;11;6;5;2;0;0;1;2-2-2-2-2;2-2-2-3-1
71001;Journée 25;STADE RAYMOND-KOPA;12031;SAM. 25 FÉVRIER 2023- 17:00;ANGERS SCO;OLYMPIQUE LYONNAIS;1;3;42,5;57,5;53,8;46,2;50;50;17;11;3;1;2;2;430;591;16;11;11;7;2;5;0;0;0;0;2-2-1-2-2-1;2-2-1-2-2-1
71002;Journée 25;STADE GABRIEL-MONTPIED;10221;DIM. 26 FÉVRIER 2023- 15:00;CLERMONT FOOT 63;RC STRASBOURG ALSACE;1;1;56,2;43,8;55,1;44,9;41,2;58,8;8;16;3;4;7;2;451;357;19;12;11;12;4;6;1;4;0;0;3-2-2-2-1;5-3-2
71003;Journée 25;DECATHLON ARENA – STADE PIERRE-MAUROY;30257;VEN. 24 FÉVRIER 2023- 21:00;LOSC LILLE;STADE BRESTOIS 29;2;1;69,5;30,5;48,2;51,8;54,8;45,2;8;8;2;2;11;2;609;268;25;6;18;3;4;0;2;2;0;1;2-2-2-3-1;4-1-2-2-1
71004;Journée 25;STADE YVES-ALLAINMAT;13089;DIM. 26 FÉVRIER 2023- 13:00;FC LORIENT;AJ AUXERRE;0;1;61,1;38,9;56,3;43,8;44;56;9;11;2;0;10;0;508;331;27;8;18;9;4;1;2;3;0;0;2-2-2-3-1;2-2-2-3-1
71005;Journée 25;ORANGE VÉLODROME;65894;DIM. 26 FÉVRIER 2023- 20:45;OLYMPIQUE DE MARSEILLE;PARIS SAINT-GERMAIN;0;3;53,8;46,2;43,5;56,5;36,8;63,2;11;10;2;2;7;4;466;414;25;7;19;12;6;7;0;0;0;0;3-2-2-2-1;5-3-2
71006;Journée 25;STADE LOUIS-II;8903;DIM. 26 FÉVRIER 2023- 17:05;AS MONACO;OGC NICE;0;3;55,6;44,4;48,4;51,6;50;50;9;13;2;1;5;3;579;483;29;5;15;12;4;7;0;1;0;0;3-1-4-2;3-2-3-2
71007;Journée 25;STADE DE LA MOSSON ET DU MONDIAL 98;17074;SAM. 25 FÉVRIER 2023- 21:00;MONTPELLIER HÉRAULT SC;RC LENS;1;1;38;62;48,9;51,1;46,4;53,6;9;4;4;1;4;6;334;548;18;27;8;19;3;6;0;3;0;0;3-2-2-2-1;2-2-2-3-1
71008;Journée 25;STADE DE LA BEAUJOIRE-LOUIS FONTENEAU;34467;DIM. 26 FÉVRIER 2023- 15:00;FC NANTES;STADE RENNAIS FC;0;1;55,2;44,8;49,6;50,4;44,4;55,6;7;12;5;0;12;4;477;414;40;10;20;12;8;3;2;2;0;0;2-2-1-2-2-1;2-2-1-2-2-1
71009;Journée 25;STADE AUGUSTE-DELAUNE;12139;DIM. 26 FÉVRIER 2023- 15:00;STADE DE REIMS;TOULOUSE FC;3;0;47,6;52,4;55,5;44,5;60;40;14;14;1;3;4;2;440;495;17;14;18;13;6;6;0;0;0;0;2-2-2-3-1;2-2-1-2-2-1
71010;Journée 26;STADE BOLLAERT-DELELIS;37974;SAM. 4 MARS 2023- 17:00;RC LENS;LOSC LILLE;1;1;37,5;62,5;52,2;47,8;61,1;38,9;13;10;4;3;10;3;310;538;22;15;10;11;1;6;2;4;0;0;2-2-2-3-1;3-2-2-2-1
71011;Journée 26;GROUPAMA STADIUM;38568;DIM. 5 MARS 2023- 17:05;OLYMPIQUE LYONNAIS;FC LORIENT;0;0;53,4;46,6;42,1;57,9;50;50;11;6;0;3;6;5;539;476;23;9;17;11;5;1;1;0;0;0;2-2-1-2-2-1;4-1-2-2-1
71012;Journée 26;STADE DE LA MOSSON ET DU MONDIAL 98;11664;DIM. 5 MARS 2023- 15:00;MONTPELLIER HÉRAULT SC;ANGERS SCO;5;0;59,4;40,6;49,5;50,5;62,5;37,5;11;13;0;0;6;5;516;357;21;10;15;10;8;4;1;2;0;1;2-2-2-3-1;2-2-1-2-2-1
71013;Journée 26;ALLIANZ RIVIERA;21133;VEN. 3 MARS 2023- 21:00;OGC NICE;AJ AUXERRE;1;1;64,7;35,3;61;39;75;25;14;17;0;0;8;0;602;338;40;9;17;3;5;1;0;1;0;0;2-2-1-2-2-1;2-2-2-3-1
71014;Journée 26;PARC DES PRINCES;47926;SAM. 4 MARS 2023- 21:00;PARIS SAINT-GERMAIN;FC NANTES;4;2;66,9;33,1;45,6;54,4;60;40;7;11;1;1;4;6;753;358;13;16;17;8;11;5;0;2;0;0;3-5-2;3-2-3-2
71015;Journée 26;STADE AUGUSTE-DELAUNE;12855;DIM. 5 MARS 2023- 15:00;STADE DE REIMS;AC AJACCIO;1;0;64;36;51,2;48,8;51,4;48,6;4;12;3;2;2;1;562;330;28;6;12;5;3;1;3;4;0;0;2-2-2-3-1;2-2-2-2-2
71016;Journée 26;ROAZHON PARK;28515;DIM. 5 MARS 2023- 20:45;STADE RENNAIS FC;OLYMPIQUE DE MARSEILLE;0;1;54,6;45,4;53,6;46,4;62,5;37,5;9;16;1;1;4;3;483;413;19;9;13;11;2;4;1;1;0;0;2-2-2-2-2;2-2-2-3-1
71017;Journée 26;STADE DE LA MEINAU;25123;DIM. 5 MARS 2023- 15:00;RC STRASBOURG ALSACE;STADE BRESTOIS 29;0;1;62,4;37,6;51;49;50,7;49,3;4;8;1;3;9;2;487;294;29;12;16;8;4;1;2;1;0;0;3-5-2;4-1-2-2-1
71018;Journée 26;STADIUM;20620;DIM. 5 MARS 2023- 15:00;TOULOUSE FC;CLERMONT FOOT 63;0;1;51,4;48,6;46,7;53,3;64,7;35,3;8;13;0;1;4;5;489;474;19;12;9;12;0;3;3;1;0;0;2-2-2-3-1;2-2-2-3-1
71019;Journée 26;STADE DE L'AUBE;8959;DIM. 5 MARS 2023- 13:00;ESTAC TROYES;AS MONACO;2;2;38,7;61,3;46;54;35,9;64,1;11;5;2;5;3;4;361;560;13;32;13;17;6;4;0;1;0;0;3-2-2-2-1;2-2-2-2-2
71020;Journée 27;STADE FRANÇOIS-COTY;6889;DIM. 12 MARS 2023- 15:00;AC AJACCIO;MONTPELLIER HÉRAULT SC;0;1;47,6;52,4;50,3;49,7;53,1;46,9;12;13;0;0;1;3;423;467;15;15;7;11;1;4;2;2;0;0;2-2-2-2-2;3-2-2-2-1
71021;Journée 27;STADE RAYMOND-KOPA;6487;DIM. 12 MARS 2023- 15:00;ANGERS SCO;TOULOUSE FC;0;2;39,8;60,2;65,2;34,8;61,9;38,1;12;13;1;3;6;8;368;576;21;13;13;8;2;5;0;1;0;0;3-2-3-2;3-2-2-2-1
71022;Journée 27;STADE DE L'ABBÉ-DESCHAMPS;15695;SAM. 11 MARS 2023- 17:00;AJ AUXERRE;STADE RENNAIS FC;0;0;31,5;68,5;42,4;57,6;31,3;68,8;9;7;4;4;8;0;290;652;15;11;12;7;0;2;2;2;0;0;3-2-2-2-1;2-2-2-2-2
71023;Journée 27;STADE FRANCIS-LE BLÉ;14935;SAM. 11 MARS 2023- 21:00;STADE BRESTOIS 29;PARIS SAINT-GERMAIN;1;2;39,1;60,9;50,7;49,3;30,8;69,2;12;6;1;1;6;3;370;605;24;9;7;17;2;8;1;1;0;0;2-2-1-4-1;2-2-2-2-2
71024;Journée 27;STADE GABRIEL-MONTPIED;12311;DIM. 12 MARS 2023- 13:00;CLERMONT FOOT 63;RC LENS;0;4;46,6;53,4;42,9;57,1;50;50;11;7;0;4;6;4;435;498;15;16;9;13;6;6;1;2;0;0;3-2-2-2-1;3-2-2-2-1
71025;Journée 27;DECATHLON ARENA – STADE PIERRE-MAUROY;40314;VEN. 10 MARS 2023- 21:00;LOSC LILLE;OLYMPIQUE LYONNAIS;3;3;55,6;44,4;58;42;40;60;13;8;1;0;4;0;477;388;20;8;8;6;6;5;5;4;0;0;2-2-2-3-1;2-2-1-2-2-1
71026;Journée 27;STADE YVES-ALLAINMAT;13889;DIM. 12 MARS 2023- 15:00;FC LORIENT;ESTAC TROYES;2;0;52,3;47,7;46,8;53,2;39,3;60,7;13;11;2;1;1;4;516;463;10;19;16;9;6;2;0;2;0;0;2-2-1-4-1;2-2-2-3-1
71027;Journée 27;ORANGE VÉLODROME;63380;DIM. 12 MARS 2023- 20:45;OLYMPIQUE DE MARSEILLE;RC STRASBOURG ALSACE;2;2;40,7;59,3;53;47;56;44;10;10;1;1;1;8;348;496;8;26;7;24;4;9;0;4;1;0;3-2-2-2-1;5-3-2
71028;Journée 27;STADE LOUIS-II;4883;DIM. 12 MARS 2023- 17:05;AS MONACO;STADE DE REIMS;0;1;48,6;51,4;55,7;44,3;44,4;55,6;15;4;3;1;3;3;468;499;17;19;14;17;3;8;1;2;0;0;2-2-2-2-2;3-2-2-2-1
71029;Journée 27;STADE DE LA BEAUJOIRE-LOUIS FONTENEAU;33568;DIM. 12 MARS 2023- 15:00;FC NANTES;OGC NICE;2;2;44,9;55,1;55,4;44,6;63,2;36,8;3;9;2;0;1;10;472;575;10;23;10;16;3;8;1;1;0;0;2-2-2-3-1;2-2-2-3-1
71030;Journée 28;STADE FRANÇOIS-COTY;7198;DIM. 19 MARS 2023- 13:00;AC AJACCIO;AS MONACO;0;2;42,3;57,7;48,5;51,5;57,4;42,6;18;9;0;3;1;4;346;473;11;18;10;8;1;4;2;1;1;0;2-2-2-2-2;2-2-2-2-2
71031;Journée 28;STADE BOLLAERT-DELELIS;37410;SAM. 18 MARS 2023- 21:00;RC LENS;ANGERS SCO;3;0;45,9;54,1;55,7;44,3;50;50;7;18;2;2;4;4;472;564;13;8;12;3;6;1;0;0;0;0;2-2-1-4-1;3-2-3-2
71032;Journée 28;GROUPAMA STADIUM;38880;VEN. 17 MARS 2023- 21:00;OLYMPIQUE LYONNAIS;FC NANTES;1;1;66,9;33,1;48,7;51,3;56,5;43,5;6;11;1;5;5;2;664;322;19;13;11;11;6;5;0;1;0;0;2-2-1-2-2-1;3-2-2-2-1
71033;Journée 28;STADE DE LA MOSSON ET DU MONDIAL 98;13166;DIM. 19 MARS 2023- 15:00;MONTPELLIER HÉRAULT SC;CLERMONT FOOT 63;2;1;56,1;43,9;46,5;53,5;50;50;18;18;1;1;11;4;453;359;23;12;23;16;9;8;1;1;1;0;2-2-2-3-1;2-2-2-3-1
71034;Journée 28;ALLIANZ RIVIERA;20762;DIM. 19 MARS 2023- 15:00;OGC NICE;FC LORIENT;1;1;53,3;46,7;55,4;44,6;47,4;52,6;13;5;1;1;10;2;542;496;33;3;16;9;1;3;0;2;0;1;3-2-2-1-2;4-1-2-2-1
71035;Journée 28;PARC DES PRINCES;47926;DIM. 19 MARS 2023- 17:05;PARIS SAINT-GERMAIN;STADE RENNAIS FC;0;2;59,8;40,2;47,9;52,1;73,3;26,7;10;11;5;0;6;3;648;424;11;8;17;10;8;3;1;1;0;0;3-5-2;2-2-2-3-1
71036;Journée 28;STADE AUGUSTE-DELAUNE;20479;DIM. 19 MARS 2023- 20:45;STADE DE REIMS;OLYMPIQUE DE MARSEILLE;1;2;55,5;44,5;52,8;47,2;56,8;43,2;14;8;1;4;6;5;417;348;33;12;19;12;6;5;2;3;0;0;2-2-2-3-1;2-2-2-3-1
71037;Journée 28;STADE DE LA MEINAU;25533;DIM. 19 MARS 2023- 15:00;RC STRASBOURG ALSACE;AJ AUXERRE;2;0;51;49;54,1;45,9;62,3;37,7;17;12;1;0;5;4;379;367;16;13;13;8;6;1;2;1;0;0;3-2-3-2;2-2-2-3-1
71038;Journée 28;STADIUM;23006;SAM. 18 MARS 2023- 17:00;TOULOUSE FC;LOSC LILLE;0;2;46,4;53,6;46,7;53,3;56,3;43,8;13;7;2;0;12;8;435;526;25;14;16;18;4;5;2;0;0;0;2-2-2-3-1;3-2-2-2-1
71039;Journée 28;STADE DE L'AUBE;8652;DIM. 19 MARS 2023- 15:00;ESTAC TROYES;STADE BRESTOIS 29;2;2;48,1;51,9;52,9;47,1;50;50;4;14;1;0;7;4;456;487;13;25;15;9;5;2;1;1;0;0;3-2-2-2-1;4-1-2-2-1
71040;Journée 29;STADE RAYMOND-KOPA;6649;DIM. 2 AVRIL 2023- 15:00;ANGERS SCO;OGC NICE;1;1;36,9;63,1;46,8;53,2;53,8;46,2;8;12;1;0;5;2;331;584;20;22;13;12;6;3;1;1;0;0;3-2-3-2;2-2-1-2-2-1
71041;Journée 29;STADE DE L'ABBÉ-DESCHAMPS;16512;SAM. 1 AVRIL 2023- 17:00;AJ AUXERRE;ESTAC TROYES;1;0;37,8;62,2;52,3;47,7;38,2;61,8;11;12;0;3;4;5;316;519;12;15;13;14;5;2;0;0;0;0;3-2-2-2-1;2-2-2-3-1
71042;Journée 29;STADE FRANCIS-LE BLÉ;12325;DIM. 2 AVRIL 2023- 15:00;STADE BRESTOIS 29;TOULOUSE FC;3;1;41;59;59,8;40,2;72,7;27,3;12;7;1;3;4;2;353;537;25;12;17;9;7;3;2;3;0;1;2-2-1-4-1;3-2-2-2-1
71043;Journée 29;STADE GABRIEL-MONTPIED;9436;DIM. 2 AVRIL 2023- 15:00;CLERMONT FOOT 63;AC AJACCIO;2;1;67,3;32,7;56,9;43,1;61,8;38,2;6;15;1;2;5;1;566;283;23;4;14;3;6;2;2;5;0;1;2-2-2-3-1;2-2-2-2-2
71044;Journée 29;DECATHLON ARENA – STADE PIERRE-MAUROY;33862;DIM. 2 AVRIL 2023- 13:00;LOSC LILLE;FC LORIENT;3;1;60;40;52;48;50;50;12;8;2;1;5;1;585;393;19;8;20;2;7;1;3;1;0;1;2-2-2-3-1;4-1-2-2-1
71045;Journée 29;ORANGE VÉLODROME;58231;VEN. 31 MARS 2023- 21:00;OLYMPIQUE DE MARSEILLE;MONTPELLIER HÉRAULT SC;1;1;68,5;31,5;48,5;51,5;44;56;17;25;1;1;1;3;607;280;21;11;13;9;2;3;2;2;0;0;3-2-2-2-1;3-2-2-2-1
71046;Journée 29;STADE LOUIS-II;4756;DIM. 2 AVRIL 2023- 17:05;AS MONACO;RC STRASBOURG ALSACE;4;3;50,2;49,8;47,4;52,6;52,9;47,1;11;18;3;1;3;3;448;430;11;21;9;13;7;6;1;1;1;0;2-2-2-2-2;4-1-3-2
71047;Journée 29;STADE DE LA BEAUJOIRE-LOUIS FONTENEAU;26285;DIM. 2 AVRIL 2023- 15:00;FC NANTES;STADE DE REIMS;0;3;48;52;49;51;45;55;19;10;0;1;3;4;410;450;24;13;12;14;6;9;1;2;0;0;2-2-1-4-1;3-2-2-2-1
71048;Journée 29;PARC DES PRINCES;47926;DIM. 2 AVRIL 2023- 20:45;PARIS SAINT-GERMAIN;OLYMPIQUE LYONNAIS;0;1;62,2;37,8;57,3;42,7;50;50;12;15;1;2;7;1;690;426;16;5;16;10;5;3;3;3;0;0;3-5-2;1-2-2-3-2
71049;Journée 29;ROAZHON PARK;28556;SAM. 1 AVRIL 2023- 21:00;STADE RENNAIS FC;RC LENS;0;1;55,9;44,1;52,2;47,8;60;40;9;11;3;0;5;5;563;445;11;12;10;12;3;4;2;2;0;0;3-2-2-2-1;2-2-2-3-1
70770;Journée 2;STADE FRANÇOIS-COTY;9303;DIM. 14 AOÛT 2022- 15:00;AC AJACCIO;RC LENS;0;0;35,6;64,4;51,9;48,1;48,7;51,3;14;4;2;1;1;3;280;506;8;16;9;12;2;3;5;2;0;0;2-2-2-2-2;1-2-2-3-2
70771;Journée 2;STADE DE L'ABBÉ-DESCHAMPS;15577;DIM. 14 AOÛT 2022- 15:00;AJ AUXERRE;ANGERS SCO;2;2;39,6;60,4;57,5;42,5;48,5;51,5;14;5;1;0;4;5;330;497;15;25;11;11;4;2;3;3;1;0;2-2-1-4-1;3-2-2-2-1
70772;Journée 2;STADE FRANCIS-LE BLÉ;14688;DIM. 14 AOÛT 2022- 20:45;STADE BRESTOIS 29;OLYMPIQUE DE MARSEILLE;1;1;46,8;53,2;54,7;45,3;64,3;35,7;12;8;1;3;7;5;397;468;29;10;17;5;5;2;1;4;0;0;2-2-1-2-2-1;2-2-2-3-1
70774;Journée 2;STADE LOUIS-II;8308;SAM. 13 AOÛT 2022- 17:00;AS MONACO;STADE RENNAIS FC;1;1;34,2;65,8;50;50;50;50;8;5;1;1;1;6;328;628;10;17;12;24;4;8;0;3;1;0;2-2-2-2-2;2-2-1-2-2-1
70775;Journée 2;STADE DE LA BEAUJOIRE-LOUIS FONTENEAU;30689;VEN. 12 AOÛT 2022- 21:00;FC NANTES;LOSC LILLE;1;1;30;70;51,9;48,1;52,9;47,1;21;7;0;1;5;11;260;622;15;26;10;16;1;5;1;4;0;0;3-5-2;3-2-2-2-1
70776;Journée 2;ALLIANZ RIVIERA;19525;DIM. 14 AOÛT 2022- 17:05;OGC NICE;RC STRASBOURG ALSACE;1;1;54;46;59,8;40,2;56,3;43,8;6;8;4;0;7;3;532;454;23;14;13;9;3;5;1;4;0;0;2-2-2-3-1;5-3-2
70777;Journée 2;PARC DES PRINCES;47849;SAM. 13 AOÛT 2022- 21:00;PARIS SAINT-GERMAIN;MONTPELLIER HÉRAULT SC;5;2;59;41;52,3;47,7;50;50;14;9;1;1;11;0;611;425;14;4;20;7;10;4;2;1;0;0;3-2-2-1-2;4-1-2-2-1
70778;Journée 2;STADE AUGUSTE-DELAUNE;9456;DIM. 14 AOÛT 2022- 15:00;STADE DE REIMS;CLERMONT FOOT 63;2;4;41,3;58,7;42,2;57,8;46,7;53,3;13;10;0;1;1;6;315;448;12;13;9;10;6;5;3;3;1;0;3-2-2-2-1;3-2-2-2-1
70779;Journée 2;STADE DE L'AUBE;7630;DIM. 14 AOÛT 2022- 15:00;ESTAC TROYES;TOULOUSE FC;0;3;32,4;67,6;55,8;44,2;47,6;52,4;4;5;2;2;6;6;265;575;17;19;12;10;2;4;2;1;0;0;3-2-2-2-1;3-2-2-2-1
71050;Journée 30;STADE FRANÇOIS-COTY;6742;DIM. 9 AVRIL 2023- 15:00;AC AJACCIO;AJ AUXERRE;0;3;56,5;43,5;46,9;53,1;54,8;45,2;13;13;5;1;7;5;435;344;30;12;9;11;2;4;1;3;0;0;2-2-2-2-2;2-2-2-3-1
71051;Journée 30;STADE RAYMOND-KOPA;7669;SAM. 8 AVRIL 2023- 17:00;ANGERS SCO;LOSC LILLE;1;0;33,2;66,8;48;52;45,8;54,2;8;7;0;2;3;6;242;503;12;23;7;15;5;5;2;3;0;0;3-2-3-2;3-2-2-2-1
71052;Journée 30;STADE BOLLAERT-DELELIS;38223;VEN. 7 AVRIL 2023- 21:00;RC LENS;RC STRASBOURG ALSACE;2;1;54,6;45,4;48,6;51,4;48,4;51,6;4;18;0;1;5;1;512;423;12;16;13;13;9;3;1;3;0;1;3-2-2-2-1;2-2-2-3-1
71053;Journée 30;STADE YVES-ALLAINMAT;16767;DIM. 9 AVRIL 2023- 20:45;FC LORIENT;OLYMPIQUE DE MARSEILLE;0;0;39,8;60,2;51,6;48,4;42,1;57,9;11;8;1;0;3;6;361;529;8;24;9;13;5;2;0;2;0;0;3-2-2-2-1;2-2-2-3-1
71054;Journée 30;GROUPAMA STADIUM;44671;DIM. 9 AVRIL 2023- 13:00;OLYMPIQUE LYONNAIS;STADE RENNAIS FC;3;1;59;41;53,3;46,7;46,7;53,3;6;9;4;0;7;2;523;367;19;5;11;11;3;3;2;2;0;0;2-2-1-4-1;3-2-2-2-1
71055;Journée 30;STADE DE LA MOSSON ET DU MONDIAL 98;17283;DIM. 9 AVRIL 2023- 15:00;MONTPELLIER HÉRAULT SC;TOULOUSE FC;1;2;50,6;49,4;48,2;51,8;45,7;54,3;5;8;1;1;4;3;420;414;18;11;15;15;8;8;0;2;0;0;2-2-2-3-1;3-2-2-2-1
71056;Journée 30;STADE DE LA BEAUJOIRE-LOUIS FONTENEAU;30050;DIM. 9 AVRIL 2023- 17:05;FC NANTES;AS MONACO;2;2;48,9;51,1;39,2;60,8;38,1;61,9;12;16;2;2;6;8;387;415;20;16;9;16;2;10;3;1;0;0;2-2-2-3-1;3-2-2-2-1
71057;Journée 30;ALLIANZ RIVIERA;34456;SAM. 8 AVRIL 2023- 21:00;OGC NICE;PARIS SAINT-GERMAIN;0;2;45,5;54,5;41;59;37,5;62,5;7;8;1;3;10;5;568;706;31;9;21;13;7;4;1;0;0;0;3-2-2-2-1;5-3-2
71058;Journée 30;STADE AUGUSTE-DELAUNE;12023;DIM. 9 AVRIL 2023- 15:00;STADE DE REIMS;STADE BRESTOIS 29;1;1;61,2;38,8;50,4;49,6;54,3;45,7;6;14;2;1;6;3;509;325;34;15;22;12;7;5;0;1;0;0;2-2-2-3-1;4-1-2-2-1
71059;Journée 30;STADE DE L'AUBE;7777;DIM. 9 AVRIL 2023- 15:00;ESTAC TROYES;CLERMONT FOOT 63;0;2;42,5;57,5;45,2;54,8;44;56;13;8;0;1;3;2;401;538;10;17;9;12;3;4;3;2;0;0;3-2-2-2-1;3-2-2-2-1
71060;Journée 31;STADE DE L'ABBÉ-DESCHAMPS;15714;DIM. 16 AVRIL 2023- 15:00;AJ AUXERRE;FC NANTES;2;1;30,7;69,3;42,5;57,5;47,2;52,8;11;10;0;2;3;6;253;568;13;30;13;17;7;7;2;2;0;0;3-2-2-2-1;4-1-2-2-1
71061;Journée 31;STADE FRANCIS-LE BLÉ;12615;DIM. 16 AVRIL 2023- 15:00;STADE BRESTOIS 29;OGC NICE;1;0;51,7;48,3;50;50;65,5;34,5;10;14;2;1;3;5;454;430;19;15;14;12;3;6;1;3;0;0;2-2-2-3-1;1-2-2-3-2
71062;Journée 31;STADE GABRIEL-MONTPIED;10789;DIM. 16 AVRIL 2023- 15:00;CLERMONT FOOT 63;ANGERS SCO;2;1;52,8;47,2;50,9;49,1;44,4;55,6;10;12;1;1;6;6;438;374;11;24;12;7;5;4;1;3;2;0;2-2-2-3-1;3-2-3-2
71063;Journée 31;DECATHLON ARENA – STADE PIERRE-MAUROY;34200;DIM. 16 AVRIL 2023- 13:00;LOSC LILLE;MONTPELLIER HÉRAULT SC;2;1;69,4;30,6;55,5;44,5;63;37;4;12;1;3;8;4;578;257;24;11;17;4;7;1;1;3;0;0;2-2-2-3-1;3-2-2-2-1
71064;Journée 31;ORANGE VÉLODROME;40;DIM. 16 AVRIL 2023- 20:45;OLYMPIQUE DE MARSEILLE;ESTAC TROYES;3;1;72;28;53;47;58,8;41,2;11;15;1;0;8;1;672;265;21;2;28;4;6;2;0;2;0;0;3-2-2-2-1;2-2-2-3-1
71065;Journée 31;STADE LOUIS-II;6930;DIM. 16 AVRIL 2023- 17:05;AS MONACO;FC LORIENT;3;1;46,4;53,6;49,1;50,9;63,6;36,4;10;13;3;0;5;3;466;555;26;14;11;7;7;4;0;1;0;0;2-2-2-2-2;4-1-2-2-1
71066;Journée 31;PARC DES PRINCES;47120;SAM. 15 AVRIL 2023- 21:00;PARIS SAINT-GERMAIN;RC LENS;3;1;62,4;37,6;52,4;47,6;62,5;37,5;8;5;1;1;3;10;738;421;4;25;15;14;7;7;0;0;0;1;3-5-2;2-2-2-3-1
71067;Journée 31;ROAZHON PARK;27936;SAM. 15 AVRIL 2023- 17:00;STADE RENNAIS FC;STADE DE REIMS;3;0;50,8;49,2;53,5;46,5;38,5;61,5;16;11;1;5;6;4;433;409;14;24;23;5;8;1;1;2;0;0;2-2-1-4-1;3-2-2-2-1
71068;Journée 31;STADE DE LA MEINAU;25130;DIM. 16 AVRIL 2023- 15:00;RC STRASBOURG ALSACE;AC AJACCIO;3;1;42,8;57,2;59,5;40,5;59,5;40,5;10;8;0;2;5;0;354;481;14;13;12;8;6;1;2;5;0;0;3-2-3-2;3-2-2-2-1
71069;Journée 31;STADIUM;28302;VEN. 14 AVRIL 2023- 21:00;TOULOUSE FC;OLYMPIQUE LYONNAIS;1;2;42,6;57,4;45,2;54,8;31,8;68,2;8;14;2;1;8;5;440;607;23;18;13;14;6;3;1;4;0;0;2-2-2-3-1;2-2-1-2-2-1
71070;Journée 32;STADE FRANÇOIS-COTY;6879;DIM. 23 AVRIL 2023- 15:00;AC AJACCIO;STADE BRESTOIS 29;0;0;43,2;56,8;47,1;52,9;44,4;55,6;8;13;2;1;4;4;354;459;16;28;3;10;2;2;2;2;1;0;2-2-2-2-2;4-1-2-2-1
71071;Journée 32;STADE RAYMOND-KOPA;16914;VEN. 21 AVRIL 2023- 21:00;ANGERS SCO;PARIS SAINT-GERMAIN;1;2;34,3;65,7;56,6;43,4;50;50;15;9;3;0;5;8;424;850;26;9;16;10;4;4;0;0;0;0;3-2-3-2;5-3-2
71072;Journée 32;STADE DE L'ABBÉ-DESCHAMPS;16779;SAM. 22 AVRIL 2023- 17:00;AJ AUXERRE;LOSC LILLE;1;1;30,1;69,9;48,3;51,7;60,9;39,1;10;4;2;3;4;4;284;679;12;16;8;14;4;6;0;1;0;0;3-2-2-2-1;3-2-2-2-1
71073;Journée 32;STADE BOLLAERT-DELELIS;38223;SAM. 22 AVRIL 2023- 21:00;RC LENS;AS MONACO;3;0;62,8;37,2;57,1;42,9;50;50;3;9;1;1;2;4;605;347;13;16;21;11;8;4;0;2;0;0;3-2-2-2-1;3-2-2-2-1
71074;Journée 32;STADE YVES-ALLAINMAT;15948;DIM. 23 AVRIL 2023- 15:00;FC LORIENT;TOULOUSE FC;0;1;53,4;46,6;48,4;51,6;50;50;8;17;0;1;2;7;527;468;22;14;9;13;1;4;3;2;0;0;3-2-2-2-1;3-2-2-2-1
71075;Journée 32;GROUPAMA STADIUM;57709;DIM. 23 AVRIL 2023- 20:45;OLYMPIQUE LYONNAIS;OLYMPIQUE DE MARSEILLE;1;2;60,1;39,9;48,6;51,4;46,9;53,1;14;9;2;3;5;3;540;360;18;11;7;14;2;7;2;1;0;0;2-2-1-2-2-1;2-2-2-3-1
71076;Journée 32;STADE DE LA MOSSON ET DU MONDIAL 98;15537;DIM. 23 AVRIL 2023- 17:05;MONTPELLIER HÉRAULT SC;STADE RENNAIS FC;1;0;30,4;69,6;48,4;51,6;58,6;41,4;14;5;2;0;4;4;260;598;15;30;11;16;2;4;3;2;1;0;2-2-2-3-1;4-1-2-2-1
71077;Journée 32;STADE DE LA BEAUJOIRE-LOUIS FONTENEAU;34082;DIM. 23 AVRIL 2023- 15:00;FC NANTES;ESTAC TROYES;2;2;53,7;46,3;55,1;44,9;60,6;39,4;15;8;1;2;13;4;467;427;49;11;19;9;9;4;1;1;0;0;2-2-2-2-2;2-2-2-3-1
71078;Journée 32;ALLIANZ RIVIERA;20578;DIM. 23 AVRIL 2023- 15:00;OGC NICE;CLERMONT FOOT 63;1;2;56;44;53,2;46,8;71,4;28,6;19;17;2;1;6;2;533;425;24;10;15;9;5;3;1;2;0;0;2-2-1-2-2-1;2-2-2-3-1
71079;Journée 32;STADE AUGUSTE-DELAUNE;13737;DIM. 23 AVRIL 2023- 13:00;STADE DE REIMS;RC STRASBOURG ALSACE;0;2;72,9;27,1;46,2;53,8;51,3;48,7;6;15;1;0;6;4;549;200;31;16;13;9;5;3;2;1;0;0;2-2-2-3-1;2-2-2-3-1
71080;Journée 33;STADE FRANCIS-LE BLÉ;14470;MER. 3 MAI 2023- 21:00;STADE BRESTOIS 29;FC NANTES;2;0;52,8;47,2;61,7;38,3;67,4;32,6;10;9;4;1;2;4;518;450;17;26;8;13;4;5;0;1;0;0;2-2-1-4-1;3-2-2-2-1
71081;Journée 33;STADE GABRIEL-MONTPIED;11446;DIM. 30 AVRIL 2023- 15:00;CLERMONT FOOT 63;STADE DE REIMS;1;0;32,8;67,2;53;47;46,7;53,3;12;6;1;3;6;8;290;589;13;27;8;16;2;3;0;2;1;0;3-2-2-2-1;3-2-2-2-1
71082;Journée 33;DECATHLON ARENA – STADE PIERRE-MAUROY;35490;SAM. 29 AVRIL 2023- 17:00;LOSC LILLE;AC AJACCIO;3;0;75,4;24,6;47,6;52,4;36,4;63,6;2;9;2;4;9;0;752;243;12;5;10;2;5;0;1;2;0;0;2-2-2-3-1;2-2-2-2-2
71083;Journée 33;ORANGE VÉLODROME;64523;DIM. 30 AVRIL 2023- 20:45;OLYMPIQUE DE MARSEILLE;AJ AUXERRE;2;1;70;30;61,5;38,5;62,2;37,8;10;10;2;0;12;1;519;235;48;9;25;11;4;3;1;0;0;0;3-2-2-2-1;2-2-2-3-1
71084;Journée 33;STADE LOUIS-II;6150;DIM. 30 AVRIL 2023- 13:00;AS MONACO;MONTPELLIER HÉRAULT SC;0;4;54,4;45,6;44,8;55,2;39,1;60,9;15;15;2;1;3;11;438;364;18;19;7;19;4;9;2;1;0;0;2-2-2-2-2;3-2-2-2-1
71085;Journée 33;PARC DES PRINCES;41454;DIM. 30 AVRIL 2023- 17:05;PARIS SAINT-GERMAIN;FC LORIENT;1;3;53,9;46,1;52,6;47,4;85,7;14,3;10;15;0;3;2;3;606;523;9;6;13;14;4;7;2;3;1;0;2-2-2-2-2;2-2-2-3-1
71086;Journée 33;ROAZHON PARK;28028;DIM. 30 AVRIL 2023- 15:00;STADE RENNAIS FC;ANGERS SCO;4;2;63,9;36,1;45,6;54,4;52,9;47,1;5;10;1;0;7;5;544;301;17;15;13;4;4;2;1;2;0;0;2-2-1-4-1;3-2-3-2
71087;Journée 33;STADE DE LA MEINAU;25360;VEN. 28 AVRIL 2023- 21:00;RC STRASBOURG ALSACE;OLYMPIQUE LYONNAIS;1;2;53,1;46,9;60,3;39,7;54,2;45,8;12;12;1;1;5;4;439;396;26;10;11;7;3;4;2;2;0;1;3-2-2-2-1;4-1-3-2
71088;Journée 33;STADIUM;30866;MAR. 2 MAI 2023- 21:00;TOULOUSE FC;RC LENS;0;1;46,2;53,8;50;50;50;50;6;14;2;2;5;0;470;558;18;8;9;11;2;3;1;2;0;0;3-2-2-2-1;2-2-2-3-1
71089;Journée 33;STADE DE L'AUBE;8399;DIM. 30 AVRIL 2023- 15:00;ESTAC TROYES;OGC NICE;0;1;35,6;64,4;47,4;52,6;46,7;53,3;5;10;1;0;3;14;364;658;7;35;9;30;6;13;0;2;0;0;3-2-2-2-1;2-2-1-2-2-1
71090;Journée 34;STADE FRANÇOIS-COTY;6735;DIM. 7 MAI 2023- 15:00;AC AJACCIO;TOULOUSE FC;0;0;38,7;61,3;54,2;45,8;37;63;7;7;1;1;4;7;342;542;18;27;4;15;2;5;3;0;0;0;2-2-3-2-1;3-2-2-2-1
71091;Journée 34;STADE RAYMOND-KOPA;9223;DIM. 7 MAI 2023- 13:00;ANGERS SCO;AS MONACO;1;2;61;39;53,7;46,3;42,3;57,7;5;13;0;1;4;3;560;357;20;11;10;14;3;6;3;2;0;0;3-2-3-2;2-2-2-3-1
71092;Journée 34;STADE DE L'ABBÉ-DESCHAMPS;16330;DIM. 7 MAI 2023- 15:00;AJ AUXERRE;CLERMONT FOOT 63;1;1;46,3;53,7;45,8;54,2;54,5;45,5;14;11;2;2;2;2;407;473;14;12;12;9;4;4;1;0;0;0;3-2-2-2-1;2-2-2-3-1
71093;Journée 34;STADE BOLLAERT-DELELIS;38220;SAM. 6 MAI 2023- 21:00;RC LENS;OLYMPIQUE DE MARSEILLE;2;1;42,5;57,5;46,4;53,6;53,8;46,2;13;11;1;2;7;7;299;401;15;28;9;14;3;3;5;2;0;0;3-2-2-2-1;2-2-2-3-1
71094;Journée 34;STADE YVES-ALLAINMAT;16338;DIM. 7 MAI 2023- 15:00;FC LORIENT;STADE BRESTOIS 29;2;1;46,2;53,8;51;49;50;50;5;8;2;0;4;6;378;426;7;27;6;15;3;2;1;2;1;0;3-2-2-2-1;4-1-2-2-1
71095;Journée 34;GROUPAMA STADIUM;49531;DIM. 7 MAI 2023- 17:05;OLYMPIQUE LYONNAIS;MONTPELLIER HÉRAULT SC;5;4;69,9;30,1;51,4;48,6;69,2;30,8;9;6;2;3;3;5;606;253;17;13;16;12;8;6;0;3;0;0;2-2-2-3-1;3-2-2-2-1
71096;Journée 34;STADE DE LA BEAUJOIRE-LOUIS FONTENEAU;28563;DIM. 7 MAI 2023- 15:00;FC NANTES;RC STRASBOURG ALSACE;0;2;54,3;45,7;47,2;52,8;51,5;48,5;9;15;1;0;11;1;413;376;40;8;13;8;5;6;3;1;0;0;3-2-2-1-2;2-2-2-3-1
71097;Journée 34;ALLIANZ RIVIERA;22601;SAM. 6 MAI 2023- 17:00;OGC NICE;STADE RENNAIS FC;2;1;45,9;54,1;53,3;46,7;60;40;9;8;4;0;4;7;420;496;21;22;11;14;4;4;0;1;0;0;2-2-1-2-2-1;4-1-2-2-1
71098;Journée 34;STADE AUGUSTE-DELAUNE;17911;SAM. 6 MAI 2023- 19:00;STADE DE REIMS;LOSC LILLE;1;0;35,9;64,1;45,5;54,5;45,8;54,2;10;8;8;0;4;7;282;504;14;23;14;11;4;5;2;3;0;0;2-2-3-1-2;3-2-2-2-1
71099;Journée 34;STADE DE L'AUBE;18890;DIM. 7 MAI 2023- 20:45;ESTAC TROYES;PARIS SAINT-GERMAIN;1;3;39,5;60,5;46,8;53,2;40;60;9;10;1;2;6;6;462;728;15;16;7;31;3;12;1;0;0;0;3-2-2-2-1;5-3-2
71100;Journée 35;STADE FRANCIS-LE BLÉ;15028;DIM. 14 MAI 2023- 15:00;STADE BRESTOIS 29;AJ AUXERRE;1;0;45,2;54,8;61,1;38,9;63,4;36,6;12;8;3;0;6;0;422;534;28;9;15;10;10;2;0;0;0;0;2-2-1-4-1;3-2-3-2
71101;Journée 35;STADE GABRIEL-MONTPIED;13191;DIM. 14 MAI 2023- 13:00;CLERMONT FOOT 63;OLYMPIQUE LYONNAIS;2;1;37,5;62,5;40,8;59,2;37,5;62,5;23;18;2;3;5;2;366;619;13;10;9;15;6;4;3;3;0;0;3-2-2-2-1;1-2-2-3-2
71102;Journée 35;STADE BOLLAERT-DELELIS;37701;VEN. 12 MAI 2023- 21:00;RC LENS;STADE DE REIMS;2;1;39,6;60,4;61,3;38,7;64,3;35,7;7;5;1;0;0;14;329;485;12;31;8;17;6;3;1;3;1;0;3-2-2-2-1;1-2-1-2-2-2
71103;Journée 35;ORANGE VÉLODROME;63329;DIM. 14 MAI 2023- 20:45;OLYMPIQUE DE MARSEILLE;ANGERS SCO;3;1;62,5;37,5;53,4;46,6;53,8;46,2;10;11;7;0;7;0;527;323;21;4;14;4;6;1;1;2;0;0;3-2-2-2-1;3-2-3-2
71104;Journée 35;STADE LOUIS-II;6805;DIM. 14 MAI 2023- 17:05;AS MONACO;LOSC LILLE;0;0;41,2;58,8;50,9;49,1;54,5;45,5;12;14;3;0;3;4;355;524;15;9;8;10;1;4;0;2;0;0;2-2-2-3-1;3-2-2-2-1
71105;Journée 35;STADE DE LA MOSSON ET DU MONDIAL 98;12595;DIM. 14 MAI 2023- 15:00;MONTPELLIER HÉRAULT SC;FC LORIENT;1;1;42,9;57,1;48,7;51,3;52,2;47,8;11;15;0;2;11;5;377;534;34;11;15;11;4;3;2;3;0;0;2-2-1-2-2-1;2-2-2-3-1
71106;Journée 35;PARC DES PRINCES;47926;SAM. 13 MAI 2023- 21:00;PARIS SAINT-GERMAIN;AC AJACCIO;5;0;72,8;27,2;48,3;51,7;50;50;7;12;1;0;8;3;743;275;18;7;16;7;9;2;1;1;1;1;3-2-2-2-1;2-2-1-2-2-1
71107;Journée 35;ROAZHON PARK;27836;DIM. 14 MAI 2023- 15:00;STADE RENNAIS FC;ESTAC TROYES;4;0;66,7;33,3;56,3;43,7;47,4;52,6;9;7;3;1;9;1;567;283;20;10;26;4;9;0;0;1;0;0;2-2-1-4-1;2-2-2-3-1
71108;Journée 35;STADE DE LA MEINAU;25147;SAM. 13 MAI 2023- 17:00;RC STRASBOURG ALSACE;OGC NICE;2;0;38,9;61,1;46,4;53,6;54,2;45,8;11;7;0;1;2;3;365;580;13;15;12;9;3;4;1;1;0;0;3-2-2-2-1;2-2-1-2-2-1
71109;Journée 35;STADIUM;27033;DIM. 14 MAI 2023- 15:00;TOULOUSE FC;FC NANTES;0;0;71,1;28,9;58,3;41,7;55,9;44,1;6;12;3;2;10;5;706;289;41;9;14;8;6;1;1;1;0;0;2-2-2-3-1;1-2-2-3-2
71110;Journée 36;STADE FRANÇOIS-COTY;6637;DIM. 21 MAI 2023- 13:00;AC AJACCIO;STADE RENNAIS FC;0;5;41;59;45,5;54,5;46,2;53,8;13;8;2;2;2;5;361;521;10;10;2;13;0;7;1;2;1;0;2-2-2-2-2;4-1-2-2-1
71111;Journée 36;STADE DE L'ABBÉ-DESCHAMPS;16682;DIM. 21 MAI 2023- 20:45;AJ AUXERRE;PARIS SAINT-GERMAIN;1;2;36,7;63,3;49,4;50,6;70;30;8;4;0;5;4;6;421;755;23;11;14;15;7;4;1;0;0;0;3-2-2-2-1;2-2-2-3-1
71112;Journée 36;STADE FRANCIS-LE BLÉ;13751;DIM. 21 MAI 2023- 15:00;STADE BRESTOIS 29;CLERMONT FOOT 63;2;1;40,5;59,5;46,6;53,4;50;50;10;7;2;0;7;1;331;491;15;17;10;8;3;2;3;4;0;0;2-2-2-3-1;2-2-2-3-1
71113;Journée 36;DECATHLON ARENA – STADE PIERRE-MAUROY;47399;SAM. 20 MAI 2023- 21:00;LOSC LILLE;OLYMPIQUE DE MARSEILLE;2;1;47,2;52,8;56,1;43,9;60,7;39,3;12;7;0;5;3;4;405;456;8;8;12;8;3;3;3;2;0;0;2-2-1-2-1-2;2-2-2-3-1
71114;Journée 36;STADE YVES-ALLAINMAT;16724;DIM. 21 MAI 2023- 17:05;FC LORIENT;RC LENS;1;3;47,1;52,9;48,9;51,1;42,9;57,1;9;4;0;0;3;5;460;510;10;19;13;15;5;7;2;2;0;0;3-2-2-2-1;2-2-2-3-1
71115;Journée 36;GROUPAMA STADIUM;53980;VEN. 19 MAI 2023- 21:00;OLYMPIQUE LYONNAIS;AS MONACO;3;1;62,1;37,9;50;50;47,1;52,9;12;13;0;3;2;8;613;352;9;25;23;15;11;9;0;3;0;0;2-2-2-3-1;2-2-2-3-1
71116;Journée 36;STADE DE LA BEAUJOIRE-LOUIS FONTENEAU;30170;SAM. 20 MAI 2023- 17:00;FC NANTES;MONTPELLIER HÉRAULT SC;0;3;43,1;56,9;46,6;53,4;42,1;57,9;14;6;2;2;10;6;368;513;31;9;13;13;3;6;4;0;0;0;3-2-2-2-1;3-2-2-2-1
71117;Journée 36;ALLIANZ RIVIERA;20041;DIM. 21 MAI 2023- 15:00;OGC NICE;TOULOUSE FC;0;0;50,7;49,3;59,3;40,7;62,5;37,5;12;7;0;0;6;3;501;501;31;12;21;7;7;4;2;2;0;0;2-2-1-2-2-1;3-2-2-2-1
71118;Journée 36;STADE AUGUSTE-DELAUNE;11242;DIM. 21 MAI 2023- 15:00;STADE DE REIMS;ANGERS SCO;2;2;57;43;51,8;48,2;61,5;38,5;8;9;1;0;7;3;491;372;21;15;11;7;5;3;0;2;0;0;2-2-2-3-1;3-2-3-2
71119;Journée 36;STADE DE L'AUBE;9834;DIM. 21 MAI 2023- 15:00;ESTAC TROYES;RC STRASBOURG ALSACE;1;1;45,1;54,9;48,3;51,7;41,7;58,3;7;7;4;1;4;6;379;459;8;17;8;16;3;5;1;1;1;1;3-2-2-2-1;2-2-2-3-1
71120;Journée 37;STADE RAYMOND-KOPA;7419;SAM. 27 MAI 2023- 21:00;ANGERS SCO;ESTAC TROYES;2;1;60,3;39,7;43,6;56,4;46,9;53,1;8;10;2;1;14;3;473;313;25;14;18;5;5;3;1;1;0;0;3-2-3-2;2-2-2-3-1
71121;Journée 37;STADE GABRIEL-MONTPIED;13050;SAM. 27 MAI 2023- 21:00;CLERMONT FOOT 63;FC LORIENT;2;0;45,7;54,3;52,9;47,1;54,5;45,5;13;5;1;1;9;1;386;469;16;9;18;6;7;1;0;0;0;0;3-2-2-2-1;2-2-2-3-1
71122;Journée 37;STADE BOLLAERT-DELELIS;37601;SAM. 27 MAI 2023- 21:00;RC LENS;AC AJACCIO;3;0;79,4;20,6;60,6;39,4;70;30;8;6;2;1;9;2;739;197;39;5;12;6;3;0;1;2;0;0;3-2-2-2-1;2-2-2-3-1
71123;Journée 37;DECATHLON ARENA – STADE PIERRE-MAUROY;41136;SAM. 27 MAI 2023- 21:00;LOSC LILLE;FC NANTES;2;1;65,6;34,4;50;50;63,2;36,8;4;8;1;0;5;3;572;298;18;12;9;8;2;3;2;4;0;0;2-2-2-3-1;2-2-1-2-2-1
71124;Journée 37;GROUPAMA STADIUM;56874;SAM. 27 MAI 2023- 21:00;OLYMPIQUE LYONNAIS;STADE DE REIMS;3;0;55,1;44,9;53,7;46,3;40,9;59,1;18;3;4;4;7;4;474;376;15;11;23;10;7;1;1;1;0;1;2-2-2-3-1;5-3-2
71125;Journée 37;ORANGE VÉLODROME;61732;SAM. 27 MAI 2023- 21:00;OLYMPIQUE DE MARSEILLE;STADE BRESTOIS 29;1;2;62,8;37,2;52,5;47,5;53,6;46,4;5;10;1;0;3;5;538;311;22;14;10;15;4;5;2;2;0;0;;
71126;Journée 37;STADE DE LA MOSSON ET DU MONDIAL 98;16340;SAM. 27 MAI 2023- 21:00;MONTPELLIER HÉRAULT SC;OGC NICE;2;3;46,9;53,1;39,1;60,9;35,7;64,3;9;9;1;1;2;10;396;446;14;24;14;23;8;15;0;3;0;0;2-2-2-3-1;2-2-1-2-2-1
71127;Journée 37;ROAZHON PARK;28344;SAM. 27 MAI 2023- 21:00;STADE RENNAIS FC;AS MONACO;2;0;57,3;42,7;47,1;52,9;41,4;58,6;4;9;2;3;7;3;495;355;15;27;12;11;6;3;0;3;0;0;2-2-1-4-1;1-2-2-2-2-1
71128;Journée 37;STADE DE LA MEINAU;25828;SAM. 27 MAI 2023- 21:00;RC STRASBOURG ALSACE;PARIS SAINT-GERMAIN;1;1;34;66;55,3;44,7;66,7;33,3;7;4;2;2;4;2;369;732;10;5;17;7;5;2;1;2;0;0;3-5-1-1;5-3-2
71129;Journée 37;STADIUM;25172;SAM. 27 MAI 2023- 21:00;TOULOUSE FC;AJ AUXERRE;1;1;60,8;39,2;52,8;47,2;81,8;18,2;3;5;4;1;6;3;488;314;20;10;10;16;3;2;1;3;0;0;2-2-2-3-1;2-2-2-3-1
71130;Journée 38;STADE FRANÇOIS-COTY;;SAM. 3 JUIN 2023- 21:00;AC AJACCIO;OLYMPIQUE DE MARSEILLE;1;0;27,9;72,1;38,5;61,5;27,3;72,7;10;7;2;0;2;3;227;582;11;28;3;17;1;5;1;1;0;0;2-2-1-4-1;2-2-2-3-1
71131;Journée 38;STADE DE L'ABBÉ-DESCHAMPS;17246;SAM. 3 JUIN 2023- 21:00;AJ AUXERRE;RC LENS;1;3;50,2;49,8;60,9;39,1;54,5;45,5;8;11;3;4;5;5;436;444;23;13;17;15;5;7;1;3;0;0;3-2-2-2-1;2-2-2-3-1
71132;Journée 38;STADE FRANCIS-LE BLÉ;15143;SAM. 3 JUIN 2023- 21:00;STADE BRESTOIS 29;STADE RENNAIS FC;1;2;52,7;47,3;50;50;54,8;45,2;13;7;2;2;3;3;410;376;18;8;14;12;5;3;3;4;0;0;2-2-1-2-2-1;2-2-1-2-2-1
71133;Journée 38;STADE YVES-ALLAINMAT;16351;SAM. 3 JUIN 2023- 21:00;FC LORIENT;RC STRASBOURG ALSACE;2;1;53;47;55,4;44,6;56,3;43,8;7;11;5;1;4;4;596;524;8;15;5;15;3;7;1;1;0;0;3-2-2-2-1;2-2-2-3-1
71134;Journée 38;STADE LOUIS-II;5670;SAM. 3 JUIN 2023- 21:00;AS MONACO;TOULOUSE FC;1;2;57,2;42,8;55,3;44,7;57,1;42,9;6;11;4;1;4;7;569;429;23;12;19;22;7;8;1;2;0;0;2-2-2-3-1;2-2-2-3-1
71135;Journée 38;STADE DE LA BEAUJOIRE-LOUIS FONTENEAU;27650;SAM. 3 JUIN 2023- 21:00;FC NANTES;ANGERS SCO;1;0;33;67;50;50;40;60;7;0;2;3;8;1;245;525;18;9;11;5;7;1;1;0;0;0;2-2-2-3-1;3-2-3-2
71136;Journée 38;ALLIANZ RIVIERA;25243;SAM. 3 JUIN 2023- 21:00;OGC NICE;OLYMPIQUE LYONNAIS;3;1;43,1;56,9;51,9;48,1;33,3;66,7;14;13;1;1;3;2;467;625;15;11;16;16;6;7;0;1;0;0;3-2-2-2-1;3-2-2-2-1
71137;Journée 38;PARC DES PRINCES;47926;SAM. 3 JUIN 2023- 21:00;PARIS SAINT-GERMAIN;CLERMONT FOOT 63;2;3;54,1;45,9;42,7;57,3;77,8;22,2;5;7;1;0;6;2;566;474;7;14;16;12;6;5;2;1;0;0;3-2-2-1-2;2-2-2-3-1
71138;Journée 38;STADE AUGUSTE-DELAUNE;15036;SAM. 3 JUIN 2023- 21:00;STADE DE REIMS;MONTPELLIER HÉRAULT SC;1;3;48;52;44,3;55,7;50;50;10;8;1;2;4;7;412;449;19;20;11;16;5;8;1;2;0;0;2-2-2-3-1;3-2-2-2-1
71139;Journée 38;STADE DE L'AUBE;11006;SAM. 3 JUIN 2023- 21:00;ESTAC TROYES;LOSC LILLE;1;1;33,8;66,2;54,7;45,3;52,2;47,8;9;6;4;4;2;8;302;592;9;29;8;18;3;7;0;4;0;0;3-2-2-2-1;4-1-2-2-1
70780;Journée 3;STADE RAYMOND-KOPA;8735;DIM. 21 AOÛT 2022- 15:00;ANGERS SCO;STADE BRESTOIS 29;1;3;50,5;49,5;51,4;48,6;50;50;9;12;4;4;3;6;506;488;9;21;7;11;5;7;2;0;1;0;2-2-2-3-1;2-2-1-2-2-1
70781;Journée 3;STADE GABRIEL-MONTPIED;11500;DIM. 21 AOÛT 2022- 15:00;CLERMONT FOOT 63;OGC NICE;1;0;47,7;52,3;60,8;39,2;38,5;61,5;6;6;3;1;3;6;512;553;11;23;7;13;2;4;1;0;0;2;2-2-2-3-1;3-2-2-2-1
70782;Journée 3;DECATHLON ARENA – STADE PIERRE-MAUROY;47526;DIM. 21 AOÛT 2022- 20:45;LOSC LILLE;PARIS SAINT-GERMAIN;1;7;48;52;40,4;59,6;50;50;15;5;2;4;2;4;550;592;8;9;16;16;10;9;2;1;0;0;2-2-2-3-1;2-2-2-3-1
70783;Journée 3;GROUPAMA STADIUM;44289;VEN. 19 AOÛT 2022- 21:00;OLYMPIQUE LYONNAIS;ESTAC TROYES;4;1;66,2;33,8;48,4;51,6;50;50;14;18;0;2;4;5;747;374;18;13;16;4;8;1;0;1;0;0;2-2-1-2-2-1;2-2-2-3-1
70784;Journée 3;ORANGE VÉLODROME;63147;SAM. 20 AOÛT 2022- 21:00;OLYMPIQUE DE MARSEILLE;FC NANTES;2;1;55,9;44,1;48,2;51,8;53,1;46,9;7;10;3;1;7;4;472;366;18;22;16;12;5;3;3;1;1;0;3-2-2-2-1;2-2-2-3-1
70785;Journée 3;STADE LOUIS-II;8657;SAM. 20 AOÛT 2022- 17:00;AS MONACO;RC LENS;1;4;45,5;54,5;54,8;45,2;57,1;42,9;9;13;1;3;3;5;416;508;13;8;12;14;5;6;2;0;1;0;2-2-2-2-2;2-2-2-3-1
70786;Journée 3;STADE DE LA MOSSON ET DU MONDIAL 98;13137;DIM. 21 AOÛT 2022- 15:00;MONTPELLIER HÉRAULT SC;AJ AUXERRE;1;2;64,1;35,9;51,1;48,9;42,1;57,9;8;9;2;0;7;2;561;314;26;11;13;7;7;2;1;1;2;2;2-2-1-4-1;4-1-2-2-1
70787;Journée 3;ROAZHON PARK;27592;DIM. 21 AOÛT 2022- 17:05;STADE RENNAIS FC;AC AJACCIO;2;1;54,7;45,3;53,1;46,9;58,2;41,8;6;13;2;1;4;8;491;389;11;23;16;10;7;3;3;2;2;0;2-2-2-2-2;2-2-2-2-2
70788;Journée 3;STADE DE LA MEINAU;25175;DIM. 21 AOÛT 2022- 13:00;RC STRASBOURG ALSACE;STADE DE REIMS;1;1;63,5;36,5;62,1;37,9;70,4;29,6;11;14;1;5;5;4;531;304;18;13;12;12;3;6;1;4;0;0;3-5-2;1-2-2-3-2
70789;Journée 3;STADIUM;23862;DIM. 21 AOÛT 2022- 15:00;TOULOUSE FC;FC LORIENT;2;2;52,1;47,9;48,6;51,4;68,2;31,8;12;10;2;2;3;6;450;428;24;11;16;14;8;4;2;1;0;0;2-2-1-2-2-1;3-2-2-2-1
70790;Journée 4;STADE FRANÇOIS-COTY;8234;VEN. 26 AOÛT 2022- 21:00;AC AJACCIO;LOSC LILLE;1;3;41,6;58,4;48,1;51,9;48,6;51,4;7;8;2;2;6;0;324;489;32;11;14;7;2;4;3;3;0;0;2-2-2-2-2;3-2-2-2-1
70791;Journée 4;STADE DE L'ABBÉ-DESCHAMPS;16059;SAM. 27 AOÛT 2022- 17:00;AJ AUXERRE;RC STRASBOURG ALSACE;1;0;41,6;58,4;43,9;56,1;35,1;64,9;12;5;5;2;2;5;438;611;15;25;7;14;3;4;0;1;0;0;2-2-1-4-1;5-3-2
70792;Journée 4;STADE FRANCIS-LE BLÉ;11546;DIM. 28 AOÛT 2022- 15:00;STADE BRESTOIS 29;MONTPELLIER HÉRAULT SC;0;7;51,9;48,1;46,9;53,1;53,6;46,4;10;6;1;1;5;4;380;357;17;12;6;14;0;8;0;2;1;0;2-2-1-2-2-1;3-2-2-2-1
70793;Journée 4;STADE BOLLAERT-DELELIS;37848;SAM. 27 AOÛT 2022- 21:00;RC LENS;STADE RENNAIS FC;2;1;50,6;49,4;48,4;51,6;46,2;53,8;17;13;1;3;7;2;500;498;21;10;17;12;4;6;0;1;0;0;3-2-2-2-1;2-2-1-2-2-1
70794;Journée 4;STADE YVES-ALLAINMAT;10591;DIM. 28 AOÛT 2022- 15:00;FC LORIENT;CLERMONT FOOT 63;2;1;39,4;60,6;56;44;42,1;57,9;12;12;2;1;3;4;387;583;8;24;22;9;9;2;1;1;0;1;2-2-2-3-1;3-2-2-2-1
70795;Journée 4;STADE DE LA BEAUJOIRE-LOUIS FONTENEAU;26574;DIM. 28 AOÛT 2022- 13:00;FC NANTES;TOULOUSE FC;3;1;50,2;49,8;44,9;55,1;31;69;14;14;2;2;4;5;412;414;19;15;16;9;8;3;0;3;0;0;2-2-1-2-2-1;3-2-2-2-1
70796;Journée 4;ALLIANZ RIVIERA;31418;DIM. 28 AOÛT 2022- 15:00;OGC NICE;OLYMPIQUE DE MARSEILLE;0;3;48,6;51,4;53;47;56,3;43,8;13;18;1;0;7;5;436;464;17;15;16;13;2;4;1;1;0;0;2-2-2-3-1;2-2-2-3-1
70797;Journée 4;PARC DES PRINCES;47843;DIM. 28 AOÛT 2022- 20:45;PARIS SAINT-GERMAIN;AS MONACO;1;1;66,7;33,3;51,8;48,2;72,2;27,8;5;16;3;1;4;3;693;341;10;8;18;4;5;3;4;4;0;0;3-2-2-2-1;3-2-3-2
70798;Journée 4;STADE AUGUSTE-DELAUNE;14930;DIM. 28 AOÛT 2022- 17:05;STADE DE REIMS;OLYMPIQUE LYONNAIS;1;1;26,1;73,9;48,3;51,7;50;50;11;11;0;0;2;7;244;675;6;38;8;18;5;5;1;1;1;0;3-2-2-1-2;2-2-1-2-2-1
70799;Journée 4;STADE DE L'AUBE;6673;DIM. 28 AOÛT 2022- 15:00;ESTAC TROYES;ANGERS SCO;3;1;49;51;53,1;46,9;65;35;11;6;3;1;8;3;514;541;22;10;25;7;11;2;2;1;0;1;3-2-2-2-1;4-1-3-2
70800;Journée 5;STADE RAYMOND-KOPA;6631;MER. 31 AOÛT 2022- 19:00;ANGERS SCO;STADE DE REIMS;2;4;58,5;41,5;54,1;45,9;58,3;41,7;14;15;3;4;4;3;469;333;14;9;10;11;3;5;1;4;0;1;3-1-4-2;1-2-2-3-2
70801;Journée 5;STADE BOLLAERT-DELELIS;37161;MER. 31 AOÛT 2022- 21:00;RC LENS;FC LORIENT;5;2;57,9;42,1;51,7;48,3;63,6;36,4;11;11;1;2;4;6;519;372;18;14;15;11;8;3;1;3;0;0;3-2-2-2-1;2-2-1-2-2-1
70802;Journée 5;DECATHLON ARENA – STADE PIERRE-MAUROY;30254;MER. 31 AOÛT 2022- 21:00;LOSC LILLE;OGC NICE;1;2;62,6;37,4;43,3;56,7;29,6;70,4;6;10;1;0;6;3;541;326;33;14;18;3;6;2;1;4;0;0;2-2-2-3-1;5-3-2
70803;Journée 5;GROUPAMA STADIUM;38609;MER. 31 AOÛT 2022- 19:00;OLYMPIQUE LYONNAIS;AJ AUXERRE;2;1;62;38;47,5;52,5;25;75;16;18;2;0;9;3;612;367;19;20;20;6;8;2;0;2;0;0;2-2-1-2-2-1;4-1-2-2-1
70804;Journée 5;ORANGE VÉLODROME;62763;MER. 31 AOÛT 2022- 21:00;OLYMPIQUE DE MARSEILLE;CLERMONT FOOT 63;1;0;60,2;39,8;53,2;46,8;56,8;43,2;13;17;1;0;7;1;547;359;19;11;21;3;7;0;2;2;0;0;3-2-2-2-1;2-2-2-3-1
70805;Journée 5;STADE LOUIS-II;3945;MER. 31 AOÛT 2022- 19:00;AS MONACO;ESTAC TROYES;2;4;51,6;48,4;46,7;53,3;53,8;46,2;11;16;0;0;8;6;486;448;13;20;8;19;6;11;1;1;1;0;3-2-2-1-2;2-2-2-3-1
70806;Journée 5;STADE DE LA MOSSON ET DU MONDIAL 98;10051;MER. 31 AOÛT 2022- 19:00;MONTPELLIER HÉRAULT SC;AC AJACCIO;2;0;38;62;49,5;50,5;47,7;52,3;14;6;1;1;3;8;309;481;6;32;9;15;4;0;2;2;1;1;2-2-2-3-1;2-2-2-2-2
70807;Journée 5;ROAZHON PARK;27392;MER. 31 AOÛT 2022- 21:00;STADE RENNAIS FC;STADE BRESTOIS 29;3;1;64,9;35,1;46,2;53,8;53,6;46,4;7;13;3;2;7;3;637;339;17;15;16;7;9;2;2;0;0;0;2-2-1-2-2-1;3-2-2-2-1
70808;Journée 5;STADE DE LA MEINAU;25162;MER. 31 AOÛT 2022- 19:00;RC STRASBOURG ALSACE;FC NANTES;1;1;45,9;54,1;52,6;47,4;43,8;56,3;8;13;0;2;3;6;440;517;16;22;5;12;2;3;0;3;0;0;3-5-2;3-2-2-2-1
70809;Journée 5;STADIUM;31739;MER. 31 AOÛT 2022- 21:00;TOULOUSE FC;PARIS SAINT-GERMAIN;0;3;37,7;62,3;55,4;44,6;16,7;83,3;12;12;1;1;3;9;364;606;10;11;14;20;7;13;1;0;0;0;3-2-2-2-1;2-2-2-3-1
70810;Journée 6;STADE FRANÇOIS-COTY;6857;DIM. 4 SEPTEMBRE 2022- 15:00;AC AJACCIO;FC LORIENT;0;1;58,2;41,8;42,9;57,1;42,9;57,1;14;14;4;2;3;3;445;336;33;9;16;7;3;4;4;1;0;0;2-2-2-2-2;2-2-1-2-2-1
70811;Journée 6;STADE DE L'ABBÉ-DESCHAMPS;17035;SAM. 3 SEPTEMBRE 2022- 17:00;AJ AUXERRE;OLYMPIQUE DE MARSEILLE;0;2;47,2;52,8;54,1;45,9;60;40;21;16;1;2;4;1;438;498;15;9;8;15;2;7;1;1;0;0;2-2-1-4-1;2-2-2-3-1
70812;Journée 6;STADE FRANCIS-LE BLÉ;10240;DIM. 4 SEPTEMBRE 2022- 15:00;STADE BRESTOIS 29;RC STRASBOURG ALSACE;1;1;59,4;40,6;43,7;56,3;52,9;47,1;15;11;2;1;7;3;485;340;35;13;11;10;2;3;3;1;0;1;2-2-2-3-1;5-3-2
70813;Journée 6;STADE GABRIEL-MONTPIED;10875;DIM. 4 SEPTEMBRE 2022- 15:00;CLERMONT FOOT 63;TOULOUSE FC;2;0;33,4;66,6;46,6;53,4;25;75;15;6;1;2;4;6;250;509;21;30;12;14;3;4;4;1;0;0;3-2-2-2-1;3-2-2-2-1
70814;Journée 6;GROUPAMA STADIUM;39586;SAM. 3 SEPTEMBRE 2022- 19:00;OLYMPIQUE LYONNAIS;ANGERS SCO;5;0;64,1;35,9;44,3;55,7;43,5;56,5;13;17;6;0;13;3;516;295;25;8;16;8;9;3;2;1;0;0;2-2-1-2-2-1;4-1-3-2
70815;Journée 6;STADE DE LA MOSSON ET DU MONDIAL 98;12215;DIM. 4 SEPTEMBRE 2022- 13:00;MONTPELLIER HÉRAULT SC;LOSC LILLE;1;3;24,1;75,9;44,9;55,1;36,4;63,6;11;7;2;3;1;9;216;681;8;23;4;26;2;8;0;4;1;0;2-2-3-2-1;3-2-2-2-1
70816;Journée 6;STADE DE LA BEAUJOIRE-LOUIS FONTENEAU;34406;SAM. 3 SEPTEMBRE 2022- 21:00;FC NANTES;PARIS SAINT-GERMAIN;0;3;40,5;59,5;55,9;44,1;50;50;16;12;1;1;1;7;464;692;9;10;10;19;1;7;1;4;1;0;3-2-2-2-1;2-2-2-3-1
70817;Journée 6;ALLIANZ RIVIERA;24125;DIM. 4 SEPTEMBRE 2022- 20:45;OGC NICE;AS MONACO;0;1;52,5;47,5;46,3;53,7;39,1;60,9;15;15;2;2;3;6;522;465;16;16;12;14;5;2;2;1;0;0;3-2-2-2-1;2-2-2-3-1
70818;Journée 6;STADE AUGUSTE-DELAUNE;15761;DIM. 4 SEPTEMBRE 2022- 15:00;STADE DE REIMS;RC LENS;1;1;36,2;63,8;48,1;51,9;63,6;36,4;22;7;1;1;4;4;317;586;17;15;17;20;4;4;2;2;0;1;3-2-2-1-2;2-2-2-3-1
70819;Journée 6;STADE DE L'AUBE;8115;DIM. 4 SEPTEMBRE 2022- 17:05;ESTAC TROYES;STADE RENNAIS FC;1;1;28,8;71,2;54,5;45,5;41,2;58,8;9;4;1;3;3;5;255;620;8;28;9;19;1;6;2;2;1;0;3-2-2-2-1;2-2-1-2-2-1
70820;Journée 7;STADE FRANÇOIS-COTY;7068;DIM. 11 SEPTEMBRE 2022- 15:00;AC AJACCIO;OGC NICE;0;1;43,7;56,3;49,6;50,4;44,1;55,9;5;8;3;1;2;3;380;502;19;9;9;12;3;3;1;5;0;0;2-2-2-2-2;2-2-2-2-2
70821;Journée 7;STADE RAYMOND-KOPA;6165;DIM. 11 SEPTEMBRE 2022- 15:00;ANGERS SCO;MONTPELLIER HÉRAULT SC;2;1;44,8;55,2;54,8;45,2;50;50;7;7;2;2;2;5;374;458;11;18;11;7;5;2;2;4;0;0;2-2-2-3-1;3-2-2-2-1
70822;Journée 7;STADE BOLLAERT-DELELIS;37344;VEN. 9 SEPTEMBRE 2022- 21:00;RC LENS;ESTAC TROYES;1;0;63,3;36,7;40,2;59,8;45,8;54,2;12;17;1;0;9;1;663;394;28;5;12;7;3;2;2;1;0;0;3-2-2-2-1;2-2-2-3-1
70823;Journée 7;STADE YVES-ALLAINMAT;15800;DIM. 11 SEPTEMBRE 2022- 15:00;FC LORIENT;FC NANTES;3;2;48,3;51,7;52,8;47,2;41,4;58,6;9;10;1;1;2;5;451;470;9;26;13;9;5;4;2;3;0;0;2-2-2-3-1;2-2-1-2-2-1
70824;Journée 7;ORANGE VÉLODROME;62985;SAM. 10 SEPTEMBRE 2022- 21:00;OLYMPIQUE DE MARSEILLE;LOSC LILLE;2;1;53,2;46,8;43,7;56,3;53,1;46,9;5;6;1;1;4;3;453;402;11;11;14;7;7;3;5;1;0;0;3-2-2-2-1;2-2-2-3-1
70825;Journée 7;STADE LOUIS-II;7175;DIM. 11 SEPTEMBRE 2022- 20:45;AS MONACO;OLYMPIQUE LYONNAIS;2;1;39,3;60,7;54,2;45,8;60,7;39,3;21;11;3;0;1;7;355;537;11;35;11;20;4;6;1;2;0;0;3-2-2-2-1;2-2-1-2-2-1
70826;Journée 7;PARC DES PRINCES;47615;SAM. 10 SEPTEMBRE 2022- 17:00;PARIS SAINT-GERMAIN;STADE BRESTOIS 29;1;0;60,6;39,4;52,1;47,9;52,6;47,4;11;20;3;1;3;5;671;425;6;15;13;6;4;3;4;2;0;0;3-2-2-1-2;3-2-3-2
70827;Journée 7;ROAZHON PARK;27837;DIM. 11 SEPTEMBRE 2022- 17:05;STADE RENNAIS FC;AJ AUXERRE;5;0;48,2;51,8;52,9;47,1;53,6;46,4;9;11;2;3;2;1;473;499;6;14;12;7;9;3;1;1;0;0;2-2-2-2-2;4-1-2-2-1
70828;Journée 7;STADE DE LA MEINAU;25089;DIM. 11 SEPTEMBRE 2022- 13:00;RC STRASBOURG ALSACE;CLERMONT FOOT 63;0;0;43;57;55,3;44,7;40,9;59,1;12;13;1;3;3;5;357;475;13;17;12;10;4;4;2;2;1;0;2-2-3-1-2;2-2-2-3-1
70829;Journée 7;STADIUM;21316;DIM. 11 SEPTEMBRE 2022- 15:00;TOULOUSE FC;STADE DE REIMS;1;0;46,9;53,1;53,6;46,4;53,8;46,2;22;6;1;0;4;6;393;438;8;21;14;11;3;1;1;2;0;1;3-2-2-2-1;1-2-2-3-2
70830;Journée 8;STADE DE L'ABBÉ-DESCHAMPS;14866;VEN. 16 SEPTEMBRE 2022- 21:00;AJ AUXERRE;FC LORIENT;1;3;56,6;43,4;52,4;47,6;50;50;11;13;0;1;9;5;509;406;37;10;17;12;5;8;3;1;0;0;2-2-1-4-1;3-2-2-2-1
70831;Journée 8;STADE FRANCIS-LE BLÉ;10410;DIM. 18 SEPTEMBRE 2022- 15:00;STADE BRESTOIS 29;AC AJACCIO;0;1;59,1;40,9;48,7;51,3;58;42;10;20;2;0;6;2;501;356;28;10;8;6;4;4;2;2;0;0;3-2-3-2;2-2-2-2-2
70832;Journée 8;STADE GABRIEL-MONTPIED;10753;DIM. 18 SEPTEMBRE 2022- 15:00;CLERMONT FOOT 63;ESTAC TROYES;1;3;59,4;40,6;59,1;40,9;60;40;11;14;2;1;5;1;514;351;17;9;14;9;2;4;0;3;0;0;3-2-2-2-1;2-2-2-3-1
70833;Journée 8;DECATHLON ARENA – STADE PIERRE-MAUROY;33635;SAM. 17 SEPTEMBRE 2022- 21:00;LOSC LILLE;TOULOUSE FC;2;1;45,2;54,8;46,3;53,7;48,6;51,4;14;20;1;5;5;7;408;475;9;29;10;14;4;5;2;0;0;0;2-2-2-3-1;2-2-2-3-1
70834;Journée 8;GROUPAMA STADIUM;58230;DIM. 18 SEPTEMBRE 2022- 20:45;OLYMPIQUE LYONNAIS;PARIS SAINT-GERMAIN;0;1;34,4;65,6;42,3;57,7;33,3;66,7;18;7;3;3;3;7;410;797;14;10;12;15;3;8;0;2;0;0;2-2-2-2-2;2-2-2-3-1
70835;Journée 8;ORANGE VÉLODROME;62753;DIM. 18 SEPTEMBRE 2022- 15:00;OLYMPIQUE DE MARSEILLE;STADE RENNAIS FC;1;1;58,9;41,1;48,6;51,4;51,7;48,3;10;18;2;1;11;7;509;363;31;13;15;11;4;4;3;4;0;0;3-2-2-2-1;3-2-2-2-1
70836;Journée 8;STADE DE LA MOSSON ET DU MONDIAL 98;10780;SAM. 17 SEPTEMBRE 2022- 17:00;MONTPELLIER HÉRAULT SC;RC STRASBOURG ALSACE;2;1;49,9;50,1;51,8;48,2;48,7;51,3;9;8;3;2;8;6;354;351;22;21;10;8;4;2;4;4;0;0;2-2-2-3-1;5-3-2
70837;Journée 8;STADE DE LA BEAUJOIRE-LOUIS FONTENEAU;28854;DIM. 18 SEPTEMBRE 2022- 17:05;FC NANTES;RC LENS;0;0;41,8;58,2;48,9;51,1;60;40;8;11;1;1;3;7;416;584;20;28;12;8;4;2;1;1;0;0;3-2-2-2-1;2-2-2-3-1
70838;Journée 8;ALLIANZ RIVIERA;18545;DIM. 18 SEPTEMBRE 2022- 15:00;OGC NICE;ANGERS SCO;0;1;50;50;58,9;41,1;52,4;47,6;9;11;1;1;5;4;420;417;15;15;18;16;5;3;0;3;1;0;2-2-2-2-2;3-2-2-2-1
70839;Journée 8;STADE AUGUSTE-DELAUNE;12600;DIM. 18 SEPTEMBRE 2022- 13:00;STADE DE REIMS;AS MONACO;0;3;32,3;67,7;53,8;46,2;35,3;64,7;11;14;3;2;5;4;256;550;15;23;9;20;2;11;3;3;0;0;3-2-2-1-2;2-2-2-2-2
70840;Journée 9;STADE FRANÇOIS-COTY;6610;DIM. 2 OCTOBRE 2022- 15:00;AC AJACCIO;CLERMONT FOOT 63;1;3;51,9;48,1;44,9;55,1;50;50;9;12;0;1;4;4;439;412;26;13;12;7;3;3;3;3;0;0;2-2-2-2-2;1-2-2-3-2
70841;Journée 9;STADE RAYMOND-KOPA;15787;VEN. 30 SEPTEMBRE 2022- 21:00;ANGERS SCO;OLYMPIQUE DE MARSEILLE;0;3;43,4;56,6;52,3;47,7;52,9;47,1;12;13;1;0;6;3;368;483;12;15;16;15;5;7;0;0;0;0;2-2-2-2-2;2-2-2-3-1
70842;Journée 9;STADE DE L'ABBÉ-DESCHAMPS;14630;DIM. 2 OCTOBRE 2022- 15:00;AJ AUXERRE;STADE BRESTOIS 29;1;1;48,7;51,3;54,5;45,5;45,2;54,8;15;11;0;2;0;6;438;453;14;23;11;9;3;2;1;4;1;0;2-2-1-4-1;3-2-2-2-1
70843;Journée 9;STADE BOLLAERT-DELELIS;36674;DIM. 2 OCTOBRE 2022- 20:45;RC LENS;OLYMPIQUE LYONNAIS;1;0;52,4;47,6;49,6;50,4;63;37;21;17;1;0;6;2;503;470;24;7;21;4;6;0;2;2;0;0;3-2-2-2-1;3-2-2-2-1
70844;Journée 9;STADE YVES-ALLAINMAT;14916;DIM. 2 OCTOBRE 2022- 13:00;FC LORIENT;LOSC LILLE;2;1;37,4;62,6;53,4;46,6;46,4;53,6;7;7;0;1;0;14;326;516;5;40;7;20;4;4;1;3;1;0;2-2-2-3-1;3-2-2-2-1
70845;Journée 9;STADE LOUIS-II;5202;DIM. 2 OCTOBRE 2022- 17:05;AS MONACO;FC NANTES;4;1;48;52;54,1;45,9;40;60;12;12;4;0;7;7;476;514;14;20;10;7;6;2;0;1;0;0;2-2-2-2-2;2-2-2-3-1
70846;Journée 9;PARC DES PRINCES;47926;SAM. 1 OCTOBRE 2022- 21:00;PARIS SAINT-GERMAIN;OGC NICE;2;1;57,3;42,7;43,9;56,1;50;50;5;11;3;2;4;0;663;485;8;12;12;4;4;1;1;1;0;0;3-2-2-2-1;2-2-2-3-1
70847;Journée 9;STADE DE LA MEINAU;25226;SAM. 1 OCTOBRE 2022- 17:00;RC STRASBOURG ALSACE;STADE RENNAIS FC;1;3;38,9;61,1;55,3;44,7;62,5;37,5;16;9;3;2;1;6;384;603;11;19;9;17;3;7;0;2;1;0;3-5-2;2-2-2-2-2
70848;Journée 9;STADIUM;21761;DIM. 2 OCTOBRE 2022- 15:00;TOULOUSE FC;MONTPELLIER HÉRAULT SC;4;2;43,2;56,8;45,7;54,3;72;28;12;6;1;3;3;12;342;432;9;34;12;23;6;6;3;4;1;0;2-2-1-2-2-1;3-2-2-2-1
70849;Journée 9;STADE DE L'AUBE;10164;DIM. 2 OCTOBRE 2022- 15:00;ESTAC TROYES;STADE DE REIMS;2;2;67,3;32,7;46,7;53,3;59,1;40,9;9;9;3;0;10;2;556;276;46;8;19;5;6;2;4;2;0;1;3-2-3-2;1-2-2-3-2
